lad_code,lad_name,Number of arrivals (7 June),total_3jun,percent_3jun,temp_3jun,temp_percent_3jun,Number of arrivals (5 July),total_1jul,percent_1jul,temp_1jul,temp_percent_1jul,Number of arrivals (2 August),total_29jul,percent_29jul,temp_29jul,temp_percent_29jul,Number of arrivals (30 August),total_26aug,percent_26aug,temp_26aug,temp_percent_26aug,Number of arrivals (27 September),total_23sep,percent_23sep,temp_23sep,temp_percent_23sep,Number of arrivals (25 October),total_21oct,percent_21oct,temp_21oct,temp_percent_21oct,Number of arrivals (22 November),total_18nov,percent_18nov,temp_18nov,temp_percent_18nov,ltla21_name,region21_name,region21_code,total_delta,percent_delta,temp_delta,temp_percent_delta
E07000223,Adur,41,0,0,0,0,55,1,0.01818181818181818,0,0,62,0,0,0,0,63,0,0,0,0,66,0,0,0,0,70,0,0,0,0,67,0,0,0,0,Adur,South East,E12000008,0,0,0,0
E07000026,Allerdale,52,0,0,0,0,68,0,0,0,0,81,0,0,0,0,86,0,0,0,0,90,2,0.022222222222222223,0,0,92,3,0.03260869565217391,0,0,90,3,0.03333333333333333,0,0,Allerdale,North West,E12000002,3,0.03333333333333333,0,0
E07000032,Amber Valley,66,0,0,0,0,94,2,0.02127659574468085,0,0,108,4,0.037037037037037035,0,0,119,4,0.03361344537815126,0,0,134,0,0,0,0,138,6,0.043478260869565216,0,0,138,9,0.06521739130434782,1,0.007246376811594203,Amber Valley,East Midlands,E12000004,9,0.06521739130434782,1,0.007246376811594203
E07000224,Arun,138,2,0.014492753623188406,0,0,181,4,0.022099447513812154,0,0,210,5,0.023809523809523808,1,0.004761904761904762,218,6,0.027522935779816515,3,0.013761467889908258,233,6,0.02575107296137339,3,0.012875536480686695,231,8,0.03463203463203463,2,0.008658008658008658,228,9,0.039473684210526314,3,0.013157894736842105,Arun,South East,E12000008,7,0.024980930587337906,3,0.013157894736842105
E07000170,Ashfield,29,0,0,0,0,38,0,0,0,0,43,0,0,0,0,43,2,0.046511627906976744,0,0,53,0,0,0,0,59,0,0,0,0,60,0,0,0,0,Ashfield,East Midlands,E12000004,0,0,0,0
E07000105,Ashford,128,7,0.0546875,7,0.0546875,151,0,0,0,0,168,9,0.05357142857142857,6,0.03571428571428571,178,14,0.07865168539325842,8,0.0449438202247191,184,15,0.08152173913043478,8,0.043478260869565216,191,15,0.078534031413612565,8,0.041884816753926704,187,0,0,0,0,Ashford,South East,E12000008,-7,-0.0546875,-7,-0.0546875
E07000200,Babergh,79,0,0,0,0,104,0,0,0,0,135,0,0,0,0,154,1,0.006493506493506494,0,0,169,2,0.011834319526627219,0,0,173,2,0.011560693641618497,0,0,175,6,0.03428571428571429,0,0,Babergh,East of England,E12000006,6,0.03428571428571429,0,0
E09000002,Barking & Dagenham,74,0,0,0,0,96,0,0,0,0,125,0,0,0,0,143,0,0,0,0,178,0,0,0,0,214,0,0,0,0,232,0,0,0,0,Barking and Dagenham,London,E12000007,0,0,0,0
E09000003,Barnet,362,22,0.06077348066298342,9,0.024861878453038673,508,28,0.05511811023622047,12,0.023622047244094488,585,33,0.05641025641025641,13,0.022222222222222223,657,35,0.0532724505327245,12,0.0182648401826484,740,39,0.052702702702702706,11,0.014864864864864866,780,39,0.05,12,0.015384615384615385,817,47,0.05752753977968176,13,0.01591187270501836,Barnet,London,E12000007,25,-0.0032459408833016637,4,-0.008950005748020313
E08000016,Barnsley,34,0,0,0,0,43,5,0.11627906976744186,2,0.046511627906976744,56,0,0,0,0,59,0,0,0,0,63,0,0,0,0,69,0,0,0,0,68,0,0,0,0,Barnsley,Yorkshire and The Humber,E12000003,0,0,0,0
E07000027,Barrow-in-Furness,8,0,0,0,0,38,0,0,0,0,43,0,0,0,0,43,0,0,0,0,53,0,0,0,0,16,0,0,0,0,21,0,0,0,0,Barrow-in-Furness,North West,E12000002,0,0,0,0
E07000066,Basildon,69,3,0.043478260869565216,0,0,79,5,0.06329113924050633,6,0.0759493670886076,107,8,0.07476635514018691,7,0.06542056074766354,115,8,0.06956521739130435,6,0.05217391304347826,126,0,0,0,0,137,10,0.072992700729927,6,0.043795620437956206,139,10,0.07194244604316546,4,0.02877697841726619,Basildon,East of England,E12000006,7,0.028464185173600248,4,0.02877697841726619
E07000084,Basingstoke & Deane,165,1,0.006060606060606061,0,0,207,1,0.004830917874396135,0,0,257,0,0,0,0,285,5,0.017543859649122806,0,0,311,10,0.03215434083601286,3,0.00964630225080386,310,13,0.041935483870967745,1,0.0032258064516129032,311,18,0.05787781350482315,2,0.006430868167202572,Basingstoke and Deane,South East,E12000008,17,0.05181720744421709,2,0.006430868167202572
E07000171,Bassetlaw,94,0,0,0,0,102,0,0,0,0,117,0,0,0,0,135,0,0,0,0,146,2,0.0136986301369863,0,0,146,0,0,0,0,145,0,0,0,0,Bassetlaw,East Midlands,E12000004,0,0,0,0
E06000022,Bath & North East Somerset,158,4,0.02531645569620253,0,0,225,7,0.03111111111111111,0,0,252,10,0.03968253968253968,0,0,277,12,0.04332129963898917,0,0,309,16,0.05177993527508091,0,0,324,19,0.05864197530864197,0,0,327,22,0.0672782874617737,1,0.0030581039755351682,Bath and North East Somerset,South West,E12000009,18,0.04196183176557117,1,0.0030581039755351682
E06000055,Bedford,240,7,0.029166666666666667,4,0.016666666666666666,277,7,0.02527075812274368,4,0.01444043321299639,308,13,0.04220779220779221,10,0.032467532467532464,346,13,0.03757225433526012,9,0.02601156069364162,362,13,0.03591160220994475,8,0.022099447513812154,373,0,0,0,0,377,15,0.03978779840848806,10,0.026525198938992044,Bedford,East of England,E12000006,8,0.010621131741821395,6,0.009858532272325377
E09000004,Bexley,150,0,0,0,0,179,0,0,0,0,202,0,0,0,0,222,0,0,0,0,249,0,0,0,0,255,0,0,0,0,263,0,0,0,0,Bexley,London,E12000007,0,0,0,0
E08000025,Birmingham,311,0,0,0,0,428,0,0,0,0,491,0,0,0,0,554,0,0,0,0,615,0,0,0,0,662,0,0,0,0,685,0,0,0,0,Birmingham,West Midlands,E12000005,0,0,0,0
E07000129,Blaby,32,4,0.125,0,0,48,4,0.08333333333333333,0,0,56,5,0.08928571428571429,0,0,59,6,0.1016949152542373,1,0.01694915254237288,64,7,0.109375,1,0.015625,74,7,0.0945945945945946,1,0.013513513513513514,77,8,0.1038961038961039,1,0.012987012987012988,Blaby,East Midlands,E12000004,4,-0.021103896103896097,1,0.012987012987012988
E06000008,Blackburn with Darwen,28,0,0,0,0,38,0,0,0,0,43,0,0,0,0,43,4,0.09302325581395349,0,0,53,4,0.07547169811320754,0,0,52,4,0.07692307692307693,0,0,55,4,0.07272727272727272,0,0,Blackburn with Darwen,North West,E12000002,4,0.07272727272727272,0,0
E06000009,Blackpool,50,1,0.02,0,0,59,1,0.01694915254237288,0,0,70,2,0.02857142857142857,0,0,72,2,0.027777777777777776,0,0,79,2,0.02531645569620253,0,0,77,2,0.025974025974025976,0,0,82,4,0.04878048780487805,0,0,Blackpool,North West,E12000002,3,0.02878048780487805,0,0
E07000033,Bolsover,37,0,0,0,0,43,0,0,0,0,46,0,0,0,0,46,0,0,0,0,53,0,0,0,0,58,0,0,0,0,56,0,0,0,0,Bolsover,East Midlands,E12000004,0,0,0,0
E08000001,Bolton,55,1,0.01818181818181818,0,0,88,2,0.022727272727272728,0,0,113,7,0.061946902654867256,4,0.035398230088495575,118,11,0.09322033898305085,4,0.03389830508474576,126,12,0.09523809523809523,2,0.015873015873015872,128,21,0.1640625,3,0.0234375,131,21,0.16030534351145037,3,0.022900763358778626,Bolton,North West,E12000002,20,0.14212352532963218,3,0.022900763358778626
E07000136,Boston,32,1,0.03125,0,0,46,0,0,0,0,59,0,0,0,0,66,0,0,0,0,74,0,0,0,0,77,0,0,0,0,75,0,0,0,0,Boston,East Midlands,E12000004,-1,-0.03125,0,0
E06000058,"Bournemouth, Christchurch and Poole",282,3,0.010638297872340425,0,0,368,6,0.016304347826086956,2,0.005434782608695652,417,8,0.019184652278177457,2,0.004796163069544364,447,12,0.026845637583892617,5,0.011185682326621925,483,22,0.045548654244306416,7,0.014492753623188406,497,25,0.05030181086519115,9,0.018108651911468814,510,27,0.052941176470588235,7,0.013725490196078431,"Bournemouth, Christchurch and Poole",South West,E12000009,24,0.04230287859824781,7,0.013725490196078431
E06000036,Bracknell Forest,71,6,0.08450704225352113,3,0.04225352112676056,95,8,0.08421052631578947,5,0.05263157894736842,123,11,0.08943089430894309,6,0.04878048780487805,138,0,0,0,0,151,17,0.11258278145695365,6,0.039735099337748346,153,18,0.11764705882352941,6,0.0392156862745098,155,18,0.11612903225806452,6,0.03870967741935484,Bracknell Forest,South East,E12000008,12,0.031621990004543396,3,-0.003543843707405722
E08000032,Bradford,166,0,0,0,0,241,1,0.004149377593360996,0,0,269,0,0,0,0,291,5,0.01718213058419244,0,0,335,8,0.023880597014925373,3,0.008955223880597015,347,13,0.037463976945244955,3,0.008645533141210375,358,12,0.0335195530726257,3,0.008379888268156424,Bradford,Yorkshire and The Humber,E12000003,12,0.0335195530726257,3,0.008379888268156424
E07000067,Braintree,133,0,0,0,0,158,0,0,0,0,185,0,0,0,0,199,2,0.010050251256281407,0,0,210,3,0.014285714285714285,0,0,217,3,0.013824884792626729,0,0,216,0,0,0,0,Braintree,East of England,E12000006,0,0,0,0
E07000143,Breckland,94,0,0,0,0,112,1,0.008928571428571428,0,0,129,2,0.015503875968992248,0,0,158,5,0.03164556962025317,2,0.012658227848101266,176,0,0,0,0,183,6,0.03278688524590164,0,0,186,6,0.03225806451612903,0,0,Breckland,East of England,E12000006,6,0.03225806451612903,0,0
E09000005,Brent,144,11,0.0763888888888889,4,0.027777777777777776,186,12,0.06451612903225806,4,0.021505376344086023,214,0,0,0,0,246,21,0.08536585365853659,1,0.0040650406504065045,305,26,0.08524590163934426,4,0.013114754098360656,325,31,0.09538461538461539,6,0.018461538461538463,338,51,0.15088757396449703,8,0.023668639053254437,Brent,London,E12000007,40,0.07449868507560814,4,-0.004109138724523339
E07000068,Brentwood,65,0,0,0,0,91,1,0.01098901098901099,0,0,101,0,0,0,0,106,0,0,0,0,108,1,0.009259259259259259,0,0,112,1,0.008928571428571428,0,0,110,1,0.00909090909090909,0,0,Brentwood,East of England,E12000006,1,0.00909090909090909,0,0
E06000043,Brighton & Hove,289,0,0,0,0,358,0,0,0,0,394,0,0,0,0,425,0,0,0,0,451,0,0,0,0,466,0,0,0,0,466,0,0,0,0,Brighton and Hove,South East,E12000008,0,0,0,0
E06000023,Bristol,348,8,0.022988505747126436,5,0.014367816091954023,420,10,0.023809523809523808,4,0.009523809523809525,498,0,0,0,0,532,11,0.020676691729323307,7,0.013157894736842105,572,12,0.02097902097902098,12,0.02097902097902098,597,13,0.021775544388609715,12,0.020100502512562814,609,0,0,0,0,"Bristol, City of",South West,E12000009,-8,-0.022988505747126436,-5,-0.014367816091954023
E07000144,Broadland,64,0,0,0,0,90,0,0,0,0,121,2,0.01652892561983471,0,0,139,2,0.014388489208633094,0,0,150,2,0.013333333333333334,0,0,152,6,0.039473684210526314,0,0,153,8,0.05228758169934641,2,0.013071895424836602,Broadland,East of England,E12000006,8,0.05228758169934641,2,0.013071895424836602
E09000006,Bromley,329,9,0.02735562310030395,3,0.00911854103343465,378,18,0.047619047619047616,7,0.018518518518518517,433,21,0.04849884526558892,10,0.023094688221709007,479,31,0.06471816283924843,18,0.037578288100208766,528,48,0.09090909090909091,14,0.026515151515151516,546,53,0.09706959706959707,18,0.03296703296703297,555,71,0.12792792792792793,20,0.036036036036036036,Bromley,London,E12000007,62,0.10057230482762397,17,0.026917495002601384
E07000234,Bromsgrove,52,0,0,0,0,73,0,0,0,0,90,1,0.011111111111111112,0,0,106,0,0,0,0,113,3,0.02654867256637168,0,0,124,7,0.056451612903225805,0,0,123,10,0.08130081300813008,1,0.008130081300813009,Bromsgrove,West Midlands,E12000005,10,0.08130081300813008,1,0.008130081300813009
E07000095,Broxbourne,20,1,0.05,0,0,38,1,0.02631578947368421,0,0,43,1,0.023255813953488372,0,0,43,2,0.046511627906976744,0,0,53,1,0.018867924528301886,0,0,35,2,0.05714285714285714,0,0,42,3,0.07142857142857142,0,0,Broxbourne,East of England,E12000006,2,0.021428571428571422,0,0
E07000172,Broxtowe,58,1,0.017241379310344827,0,0,66,1,0.015151515151515152,0,0,72,1,0.013888888888888888,0,0,80,1,0.0125,0,0,87,0,0,0,0,89,2,0.02247191011235955,0,0,92,3,0.03260869565217391,0,0,Broxtowe,East Midlands,E12000004,2,0.015367316341829085,0,0
E06000060,Buckinghamshire,788,10,0.012690355329949238,3,0.0038071065989847717,1023,0,0,0,0,1149,11,0.009573542210617928,2,0.0017406440382941688,1245,0,0,0,0,1349,41,0.03039288361749444,5,0.0037064492216456633,1398,0,0,0,0,1417,89,0.06280875088214538,15,0.01058574453069866,Buckinghamshire,South East,E12000008,79,0.050118395552196146,12,0.006778637931713888
E07000117,Burnley,19,0,0,0,0,38,1,0.02631578947368421,0,0,43,1,0.023255813953488372,0,0,43,1,0.023255813953488372,0,0,53,1,0.018867924528301886,0,0,48,1,0.020833333333333332,0,0,54,5,0.09259259259259259,0,0,Burnley,North West,E12000002,5,0.09259259259259259,0,0
E08000002,Bury,56,6,0.10714285714285714,3,0.05357142857142857,67,6,0.08955223880597014,2,0.029850746268656716,95,10,0.10526315789473684,3,0.031578947368421054,101,10,0.09900990099009901,3,0.0297029702970297,109,10,0.09174311926605505,3,0.027522935779816515,121,12,0.09917355371900827,5,0.04132231404958678,127,12,0.09448818897637795,5,0.03937007874015748,Bury,North West,E12000002,6,-0.012654668166479185,2,-0.014201349831271089
E08000033,Calderdale,82,0,0,0,0,111,0,0,0,0,130,0,0,0,0,143,0,0,0,0,155,0,0,0,0,171,0,0,0,0,166,0,0,0,0,Calderdale,Yorkshire and The Humber,E12000003,0,0,0,0
E07000008,Cambridge,232,0,0,0,0,302,0,0,0,0,349,16,0.045845272206303724,11,0.03151862464183381,370,0,0,0,0,411,0,0,0,0,440,0,0,0,0,440,30,0.06818181818181818,8,0.01818181818181818,Cambridge,East of England,E12000006,30,0.06818181818181818,8,0.01818181818181818
E09000007,Camden,317,0,0,0,0,402,4,0.009950248756218905,0,0,499,0,0,0,0,527,0,0,0,0,576,0,0,0,0,605,4,0.006611570247933884,0,0,621,4,0.00644122383252818,0,0,Camden,London,E12000007,4,0.00644122383252818,0,0
E07000192,Cannock Chase,28,0,0,0,0,39,0,0,0,0,43,1,0.023255813953488372,0,0,51,2,0.0392156862745098,0,0,54,2,0.037037037037037035,0,0,58,3,0.05172413793103448,0,0,56,4,0.07142857142857142,0,0,Cannock Chase,West Midlands,E12000005,4,0.07142857142857142,0,0
E07000106,Canterbury,158,3,0.0189873417721519,0,0,201,5,0.024875621890547265,1,0.004975124378109453,225,4,0.017777777777777778,0,0,272,7,0.025735294117647058,3,0.011029411764705883,292,9,0.030821917808219176,3,0.010273972602739725,315,7,0.022222222222222223,3,0.009523809523809525,324,7,0.021604938271604937,3,0.009259259259259259,Canterbury,South East,E12000008,4,0.0026175964994530378,3,0.009259259259259259
E07000028,Carlisle,61,2,0.03278688524590164,0,0,76,2,0.02631578947368421,0,0,99,2,0.020202020202020204,0,0,112,5,0.044642857142857144,0,0,127,5,0.03937007874015748,0,0,128,5,0.0390625,0,0,135,6,0.044444444444444446,0,0,Carlisle,North West,E12000002,4,0.011657559198542805,0,0
E07000069,Castle Point,24,0,0,0,0,38,0,0,0,0,43,0,0,0,0,43,2,0.046511627906976744,0,0,53,1,0.018867924528301886,0,0,40,0,0,0,0,41,3,0.07317073170731707,0,0,Castle Point,East of England,E12000006,3,0.07317073170731707,0,0
E06000056,Central Bedfordshire,190,3,0.015789473684210527,0,0,250,0,0,0,0,291,0,0,0,0,322,0,0,0,0,348,0,0,0,0,364,0,0,0,0,372,17,0.0456989247311828,0,0,Central Bedfordshire,East of England,E12000006,14,0.02990945104697227,0,0
E07000130,Charnwood,49,0,0,0,0,79,0,0,0,0,91,0,0,0,0,109,0,0,0,0,121,0,0,0,0,135,0,0,0,0,142,0,0,0,0,Charnwood,East Midlands,E12000004,0,0,0,0
E07000070,Chelmsford,146,4,0.0273972602739726,0,0,166,4,0.024096385542168676,0,0,189,5,0.026455026455026454,4,0.021164021164021163,211,10,0.04739336492890995,3,0.014218009478672985,221,11,0.049773755656108594,4,0.01809954751131222,228,15,0.06578947368421052,3,0.013157894736842105,228,16,0.07017543859649122,5,0.021929824561403508,Chelmsford,East of England,E12000006,12,0.04277817832251862,5,0.021929824561403508
E07000078,Cheltenham,137,1,0.0072992700729927005,0,0,173,0,0,0,0,208,4,0.019230769230769232,0,0,235,0,0,0,0,257,4,0.01556420233463035,0,0,266,6,0.022556390977443608,0,0,266,7,0.02631578947368421,0,0,Cheltenham,South West,E12000009,6,0.01901651940069151,0,0
E07000177,Cherwell,150,0,0,0,0,184,0,0,0,0,215,0,0,0,0,230,2,0.008695652173913044,0,0,247,2,0.008097165991902834,0,0,263,3,0.011406844106463879,0,0,269,5,0.01858736059479554,3,0.011152416356877323,Cherwell,South East,E12000008,5,0.01858736059479554,3,0.011152416356877323
E06000049,Cheshire East,293,1,0.0034129692832764505,0,0,399,1,0.002506265664160401,0,0,473,3,0.006342494714587738,0,0,514,22,0.042801556420233464,3,0.005836575875486381,572,38,0.06643356643356643,3,0.005244755244755245,588,45,0.07653061224489796,4,0.006802721088435374,597,49,0.08207705192629816,2,0.0033500837520938024,Cheshire East,North West,E12000002,48,0.07866408264302172,2,0.0033500837520938024
E06000050,Cheshire West & Chester,279,0,0,0,0,387,3,0.007751937984496124,0,0,443,5,0.011286681715575621,2,0.004514672686230248,485,9,0.018556701030927835,5,0.010309278350515464,532,9,0.016917293233082706,2,0.0037593984962406013,560,9,0.01607142857142857,2,0.0035714285714285713,568,13,0.022887323943661973,2,0.0035211267605633804,Cheshire West and Chester,North West,E12000002,13,0.022887323943661973,2,0.0035211267605633804
E07000034,Chesterfield,26,0,0,0,0,38,0,0,0,0,43,0,0,0,0,44,0,0,0,0,53,1,0.018867924528301886,0,0,63,2,0.031746031746031744,0,0,64,3,0.046875,0,0,Chesterfield,East Midlands,E12000004,3,0.046875,0,0
E07000225,Chichester,329,0,0,0,0,392,0,0,0,0,434,0,0,0,0,468,0,0,0,0,489,0,0,0,0,505,2,0.0039603960396039604,0,0,515,2,0.003883495145631068,0,0,Chichester,South East,E12000008,2,0.003883495145631068,0,0
E07000118,Chorley,46,0,0,0,0,68,0,0,0,0,76,0,0,0,0,87,0,0,0,0,99,0,0,0,0,107,0,0,0,0,104,0,0,0,0,Chorley,North West,E12000002,0,0,0,0
E09000001,City of London,8,2,0.25,0,0,38,3,0.07894736842105263,0,0,43,3,0.06976744186046512,0,0,43,4,0.09302325581395349,0,0,53,4,0.07547169811320754,0,0,38,5,0.13157894736842105,0,0,28,5,0.17857142857142858,2,0.07142857142857142,City of London,London,E12000007,3,-0.07142857142857142,2,0.07142857142857142
E07000071,Colchester,131,0,0,0,0,164,0,0,0,0,203,0,0,0,0,222,0,0,0,0,236,0,0,0,0,251,6,0.02390438247011952,3,0.01195219123505976,258,11,0.04263565891472868,2,0.007751937984496124,Colchester,East of England,E12000006,11,0.04263565891472868,2,0.007751937984496124
E07000029,Copeland,30,0,0,0,0,38,0,0,0,0,43,0,0,0,0,48,0,0,0,0,59,0,0,0,0,65,0,0,0,0,69,2,0.028985507246376812,0,0,Copeland,North West,E12000002,2,0.028985507246376812,0,0
E06000052,Cornwall,493,0,0,0,0,619,0,0,0,0,706,0,0,0,0,755,0,0,0,0,824,5,0.006067961165048544,0,0,845,0,0,0,0,856,0,0,0,0,Cornwall,South West,E12000009,0,0,0,0
E07000079,Cotswold,123,0,0,0,0,163,0,0,0,0,202,1,0.0049504950495049506,0,0,231,0,0,0,0,249,3,0.012048192771084338,0,0,258,2,0.007751937984496124,0,0,265,3,0.011320754716981131,0,0,Cotswold,South West,E12000009,3,0.011320754716981131,0,0
E08000026,Coventry,86,3,0.03488372093023256,0,0,119,5,0.04201680672268908,4,0.03361344537815126,132,5,0.03787878787878788,4,0.030303030303030304,159,5,0.031446540880503145,1,0.006289308176100629,195,5,0.02564102564102564,1,0.005128205128205128,212,6,0.02830188679245283,1,0.0047169811320754715,232,6,0.02586206896551724,0,0,Coventry,West Midlands,E12000005,3,-0.009021651964715317,0,0
E07000163,Craven,39,0,0,0,0,63,0,0,0,0,83,0,0,0,0,94,2,0.02127659574468085,0,0,106,2,0.018867924528301886,0,0,105,2,0.01904761904761905,0,0,110,2,0.01818181818181818,0,0,Craven,Yorkshire and The Humber,E12000003,2,0.01818181818181818,0,0
E07000226,Crawley,64,2,0.03125,0,0,91,3,0.03296703296703297,0,0,106,4,0.03773584905660377,0,0,121,4,0.03305785123966942,0,0,128,4,0.03125,0,0,139,4,0.02877697841726619,0,0,141,4,0.028368794326241134,0,0,Crawley,South East,E12000008,2,-0.002881205673758866,0,0
E09000008,Croydon,279,11,0.03942652329749104,4,0.014336917562724014,340,12,0.03529411764705882,5,0.014705882352941176,384,14,0.036458333333333336,5,0.013020833333333334,420,0,0,0,0,462,0,0,0,0,484,0,0,0,0,497,0,0,0,0,Croydon,London,E12000007,-11,-0.03942652329749104,-4,-0.014336917562724014
E07000096,Dacorum,154,10,0.06493506493506493,0,0,206,11,0.05339805825242718,0,0,227,12,0.05286343612334802,0,0,238,13,0.0546218487394958,0,0,252,15,0.05952380952380952,0,0,255,17,0.06666666666666667,1,0.00392156862745098,263,22,0.08365019011406843,1,0.0038022813688212928,Dacorum,East of England,E12000006,12,0.018715125179003506,1,0.0038022813688212928
E06000005,Darlington,55,3,0.05454545454545454,0,0,72,5,0.06944444444444445,0,0,79,5,0.06329113924050633,0,0,82,6,0.07317073170731707,0,0,90,6,0.06666666666666667,0,0,96,11,0.11458333333333333,2,0.020833333333333332,104,11,0.10576923076923077,2,0.019230769230769232,Darlington,North East,E12000001,8,0.051223776223776225,2,0.019230769230769232
E07000107,Dartford,44,0,0,0,0,63,17,0.2698412698412698,4,0.06349206349206349,87,18,0.20689655172413793,4,0.04597701149425287,88,20,0.22727272727272727,5,0.056818181818181816,92,0,0,0,0,96,0,0,0,0,98,0,0,0,0,Dartford,South East,E12000008,0,0,0,0
E06000015,Derby,76,2,0.02631578947368421,0,0,85,4,0.047058823529411764,0,0,111,4,0.036036036036036036,0,0,131,5,0.03816793893129771,2,0.015267175572519083,137,8,0.058394160583941604,3,0.021897810218978103,144,9,0.0625,3,0.020833333333333332,145,9,0.06206896551724138,3,0.020689655172413793,Derby,East Midlands,E12000004,7,0.03575317604355717,3,0.020689655172413793
E07000035,Derbyshire Dales,173,0,0,0,0,241,0,0,0,0,280,0,0,0,0,290,0,0,0,0,318,0,0,0,0,331,0,0,0,0,336,0,0,0,0,Derbyshire Dales,East Midlands,E12000004,0,0,0,0
E08000017,Doncaster,94,0,0,0,0,119,0,0,0,0,128,5,0.0390625,2,0.015625,148,0,0,0,0,165,0,0,0,0,184,8,0.043478260869565216,2,0.010869565217391304,181,8,0.04419889502762431,2,0.011049723756906077,Doncaster,Yorkshire and The Humber,E12000003,8,0.04419889502762431,2,0.011049723756906077
E06000059,Dorset,415,1,0.0024096385542168677,0,0,573,4,0.006980802792321117,0,0,652,0,0,0,0,703,0,0,0,0,758,15,0.01978891820580475,5,0.006596306068601583,769,16,0.02080624187256177,5,0.006501950585175552,767,17,0.02216427640156454,3,0.003911342894393742,Dorset,South West,E12000009,16,0.01975463784734767,3,0.003911342894393742
E07000108,Dover,127,0,0,0,0,182,2,0.01098901098901099,0,0,197,3,0.015228426395939087,0,0,215,0,0,0,0,234,4,0.017094017094017096,0,0,237,5,0.02109704641350211,0,0,240,5,0.020833333333333332,2,0.008333333333333333,Dover,South East,E12000008,5,0.020833333333333332,2,0.008333333333333333
E08000027,Dudley,39,0,0,0,0,55,0,0,0,0,64,0,0,0,0,68,0,0,0,0,72,1,0.013888888888888888,0,0,77,0,0,0,0,77,0,0,0,0,Dudley,West Midlands,E12000005,0,0,0,0
E06000047,County Durham,252,10,0.03968253968253968,3,0.011904761904761904,328,12,0.036585365853658534,5,0.01524390243902439,366,14,0.03825136612021858,6,0.01639344262295082,404,16,0.039603960396039604,6,0.01485148514851485,433,20,0.046189376443418015,7,0.016166281755196306,446,37,0.08295964125560538,10,0.02242152466367713,460,42,0.09130434782608696,19,0.041304347826086954,County Durham,North East,E12000001,32,0.051621808143547276,16,0.02939958592132505
E09000009,Ealing,273,0,0,0,0,349,30,0.08595988538681948,8,0.022922636103151862,399,0,0,0,0,442,0,0,0,0,489,0,0,0,0,541,0,0,0,0,578,0,0,0,0,Ealing,London,E12000007,0,0,0,0
E07000009,East Cambridgeshire,106,0,0,0,0,144,2,0.013888888888888888,0,0,166,0,0,0,0,175,5,0.02857142857142857,3,0.017142857142857144,190,9,0.04736842105263158,7,0.03684210526315789,195,0,0,0,0,202,3,0.01485148514851485,0,0,East Cambridgeshire,East of England,E12000006,3,0.01485148514851485,0,0
E07000040,East Devon,136,1,0.007352941176470588,0,0,200,0,0,0,0,241,0,0,0,0,272,4,0.014705882352941176,0,0,290,4,0.013793103448275862,0,0,302,3,0.009933774834437087,0,0,303,0,0,0,0,East Devon,South West,E12000009,-1,-0.007352941176470588,0,0
E07000085,East Hampshire,210,0,0,0,0,249,5,0.020080321285140562,2,0.008032128514056224,306,6,0.0196078431372549,4,0.013071895424836602,328,0,0,0,0,349,0,0,0,0,358,12,0.0335195530726257,3,0.008379888268156424,361,15,0.04155124653739612,1,0.002770083102493075,East Hampshire,South East,E12000008,15,0.04155124653739612,1,0.002770083102493075
E07000242,East Hertfordshire,158,0,0,0,0,216,2,0.009259259259259259,0,0,243,2,0.00823045267489712,0,0,265,3,0.011320754716981131,0,0,283,0,0,0,0,312,8,0.02564102564102564,0,0,311,14,0.04501607717041801,2,0.006430868167202572,East Hertfordshire,East of England,E12000006,14,0.04501607717041801,2,0.006430868167202572
E07000137,East Lindsey,119,2,0.01680672268907563,0,0,138,0,0,0,0,156,0,0,0,0,173,0,0,0,0,205,0,0,0,0,215,0,0,0,0,217,0,0,0,0,East Lindsey,East Midlands,E12000004,-2,-0.01680672268907563,0,0
E06000011,East Riding of Yorkshire,217,7,0.03225806451612903,7,0.03225806451612903,267,7,0.026217228464419477,2,0.00749063670411985,313,0,0,0,0,331,0,0,0,0,364,0,0,0,0,378,0,0,0,0,390,0,0,0,0,East Riding of Yorkshire,Yorkshire and The Humber,E12000003,-7,-0.03225806451612903,-7,-0.03225806451612903
E07000193,East Staffordshire,57,2,0.03508771929824561,0,0,80,2,0.025,0,0,94,0,0,0,0,104,0,0,0,0,117,7,0.05982905982905983,4,0.03418803418803419,125,8,0.064,5,0.04,151,0,0,0,0,East Staffordshire,West Midlands,E12000005,-2,-0.03508771929824561,0,0
E07000244,East Suffolk,172,0,0,0,0,253,0,0,0,0,294,0,0,0,0,327,0,0,0,0,354,3,0.00847457627118644,0,0,363,7,0.01928374655647383,0,0,364,7,0.019230769230769232,1,0.0027472527472527475,East Suffolk,East of England,E12000006,7,0.019230769230769232,1,0.0027472527472527475
E07000061,Eastbourne,81,0,0,0,0,107,0,0,0,0,126,6,0.047619047619047616,3,0.023809523809523808,133,0,0,0,0,145,8,0.05517241379310345,3,0.020689655172413793,148,8,0.05405405405405406,5,0.033783783783783786,149,8,0.053691275167785234,5,0.03355704697986577,Eastbourne,South East,E12000008,8,0.053691275167785234,5,0.03355704697986577
E07000086,Eastleigh,112,1,0.008928571428571428,0,0,148,4,0.02702702702702703,0,0,170,5,0.029411764705882353,3,0.01764705882352941,177,9,0.05084745762711865,1,0.005649717514124294,193,16,0.08290155440414508,2,0.010362694300518135,210,0,0,0,0,214,21,0.09813084112149532,2,0.009345794392523364,Eastleigh,South East,E12000008,20,0.0892022696929239,2,0.009345794392523364
E07000030,Eden,47,0,0,0,0,69,2,0.028985507246376812,0,0,78,3,0.038461538461538464,0,0,93,3,0.03225806451612903,0,0,106,3,0.02830188679245283,0,0,115,4,0.034782608695652174,0,0,116,5,0.04310344827586207,0,0,Eden,North West,E12000002,5,0.04310344827586207,0,0
E07000207,Elmbridge,222,7,0.03153153153153153,3,0.013513513513513514,301,0,0,0,0,341,0,0,0,0,365,15,0.0410958904109589,8,0.021917808219178082,404,15,0.03712871287128713,6,0.01485148514851485,423,22,0.05200945626477541,9,0.02127659574468085,426,25,0.05868544600938967,8,0.018779342723004695,Elmbridge,South East,E12000008,18,0.027153914477858143,5,0.005265829209491181
E09000010,Enfield,124,5,0.04032258064516129,5,0.04032258064516129,160,11,0.06875,5,0.03125,181,14,0.07734806629834254,7,0.03867403314917127,207,15,0.07246376811594203,8,0.03864734299516908,231,12,0.05194805194805195,5,0.021645021645021644,242,16,0.06611570247933884,6,0.024793388429752067,248,15,0.06048387096774194,6,0.024193548387096774,Enfield,London,E12000007,10,0.020161290322580648,1,-0.016129032258064516
E07000072,Epping Forest,102,0,0,0,0,136,0,0,0,0,148,0,0,0,0,172,0,0,0,0,202,0,0,0,0,211,6,0.02843601895734597,3,0.014218009478672985,208,0,0,0,0,Epping Forest,East of England,E12000006,0,0,0,0
E07000208,Epsom & Ewell,46,0,0,0,0,67,0,0,0,0,78,2,0.02564102564102564,0,0,87,0,0,0,0,96,0,0,0,0,110,2,0.01818181818181818,0,0,114,2,0.017543859649122806,0,0,Epsom and Ewell,South East,E12000008,2,0.017543859649122806,0,0
E07000036,Erewash,42,0,0,0,0,53,0,0,0,0,59,0,0,0,0,72,0,0,0,0,76,0,0,0,0,83,0,0,0,0,80,0,0,0,0,Erewash,East Midlands,E12000004,0,0,0,0
E07000041,Exeter,92,4,0.043478260869565216,0,0,130,7,0.05384615384615385,5,0.038461538461538464,149,11,0.0738255033557047,7,0.04697986577181208,163,13,0.07975460122699386,9,0.05521472392638037,182,13,0.07142857142857142,8,0.04395604395604396,190,14,0.07368421052631578,4,0.021052631578947368,194,14,0.07216494845360824,4,0.020618556701030927,Exeter,South West,E12000009,10,0.028686687584043025,4,0.020618556701030927
E07000087,Fareham,62,0,0,0,0,82,1,0.012195121951219513,0,0,84,3,0.03571428571428571,0,0,88,3,0.03409090909090909,0,0,105,3,0.02857142857142857,0,0,110,3,0.02727272727272727,0,0,110,3,0.02727272727272727,0,0,Fareham,South East,E12000008,3,0.02727272727272727,0,0
E07000010,Fenland,48,0,0,0,0,59,1,0.01694915254237288,0,0,66,1,0.015151515151515152,0,0,76,2,0.02631578947368421,0,0,86,2,0.023255813953488372,0,0,93,4,0.043010752688172046,0,0,93,0,0,0,0,Fenland,East of England,E12000006,0,0,0,0
E07000112,Folkestone & Hythe,142,0,0,0,0,183,1,0.00546448087431694,0,0,218,1,0.0045871559633027525,0,0,232,4,0.017241379310344827,0,0,246,2,0.008130081300813009,0,0,245,16,0.0653061224489796,4,0.0163265306122449,246,2,0.008130081300813009,0,0,Folkestone and Hythe,South East,E12000008,2,0.008130081300813009,0,0
E07000080,Forest of Dean,122,0,0,0,0,148,2,0.013513513513513514,0,0,164,2,0.012195121951219513,0,0,179,4,0.0223463687150838,0,0,193,4,0.02072538860103627,0,0,207,6,0.028985507246376812,2,0.00966183574879227,211,8,0.037914691943127965,1,0.004739336492890996,Forest of Dean,South West,E12000009,8,0.037914691943127965,1,0.004739336492890996
E07000119,Fylde,77,0,0,0,0,122,0,0,0,0,129,0,0,0,0,131,0,0,0,0,147,0,0,0,0,152,1,0.006578947368421052,0,0,153,1,0.006535947712418301,0,0,Fylde,North West,E12000002,1,0.006535947712418301,0,0
E08000037,Gateshead,37,7,0.1891891891891892,1,0.02702702702702703,77,8,0.1038961038961039,2,0.025974025974025976,95,9,0.09473684210526316,2,0.021052631578947368,104,10,0.09615384615384616,1,0.009615384615384616,115,11,0.09565217391304348,1,0.008695652173913044,121,11,0.09090909090909091,1,0.008264462809917356,126,15,0.11904761904761904,1,0.007936507936507936,Gateshead,North East,E12000001,8,-0.07014157014157016,0,-0.019090519090519092
E07000173,Gedling,65,0,0,0,0,87,0,0,0,0,97,0,0,0,0,105,0,0,0,0,108,0,0,0,0,116,0,0,0,0,118,0,0,0,0,Gedling,East Midlands,E12000004,0,0,0,0
E07000081,Gloucester,57,1,0.017543859649122806,0,0,69,1,0.014492753623188406,0,0,81,1,0.012345679012345678,0,0,85,1,0.011764705882352941,0,0,95,2,0.021052631578947368,0,0,103,2,0.019417475728155338,0,0,105,3,0.02857142857142857,0,0,Gloucester,South West,E12000009,2,0.011027568922305764,0,0
E07000088,Gosport,43,1,0.023255813953488372,0,0,63,3,0.047619047619047616,0,0,66,5,0.07575757575757576,4,0.06060606060606061,72,5,0.06944444444444445,5,0.06944444444444445,72,6,0.08333333333333333,5,0.06944444444444445,77,0,0,0,0,79,6,0.0759493670886076,3,0.0379746835443038,Gosport,South East,E12000008,5,0.052693553135119225,3,0.0379746835443038
E07000109,Gravesham,36,0,0,0,0,53,0,0,0,0,69,0,0,0,0,69,0,0,0,0,76,0,0,0,0,78,1,0.01282051282051282,0,0,84,0,0,0,0,Gravesham,South East,E12000008,0,0,0,0
E07000145,Great Yarmouth,35,0,0,0,0,57,3,0.05263157894736842,0,0,69,3,0.043478260869565216,0,0,73,3,0.0410958904109589,0,0,76,3,0.039473684210526314,0,0,84,0,0,0,0,89,0,0,0,0,Great Yarmouth,East of England,E12000006,0,0,0,0
E09000011,Greenwich,268,18,0.06716417910447761,12,0.04477611940298507,370,20,0.05405405405405406,13,0.03513513513513514,419,0,0,0,0,459,28,0.061002178649237473,18,0.0392156862745098,495,32,0.06464646464646465,20,0.04040404040404041,525,40,0.0761904761904762,24,0.045714285714285714,554,48,0.08664259927797834,22,0.039711191335740074,Greenwich,London,E12000007,30,0.019478420173500724,10,-0.0050649280672449976
E07000209,Guildford,248,0,0,0,0,311,2,0.006430868167202572,0,0,357,2,0.0056022408963585435,0,0,380,2,0.005263157894736842,0,0,401,0,0,0,0,402,0,0,0,0,406,9,0.022167487684729065,0,0,Guildford,South East,E12000008,9,0.022167487684729065,0,0
E09000012,Hackney,144,5,0.034722222222222224,4,0.027777777777777776,199,11,0.05527638190954774,5,0.02512562814070352,227,9,0.039647577092511016,5,0.022026431718061675,242,10,0.04132231404958678,4,0.01652892561983471,271,10,0.03690036900369004,4,0.014760147601476014,284,11,0.03873239436619718,4,0.014084507042253521,291,16,0.054982817869415807,7,0.024054982817869417,Hackney,London,E12000007,11,0.020260595647193583,3,-0.003722794959908359
E06000006,Halton,28,2,0.07142857142857142,0,0,38,0,0,0,0,43,0,0,0,0,43,3,0.06976744186046512,0,0,53,0,0,0,0,43,0,0,0,0,43,0,0,0,0,Halton,North West,E12000002,-2,-0.07142857142857142,0,0
E07000164,Hambleton,75,0,0,0,0,99,0,0,0,0,139,0,0,0,0,155,0,0,0,0,168,0,0,0,0,180,2,0.011111111111111112,0,0,178,3,0.016853932584269662,0,0,Hambleton,Yorkshire and The Humber,E12000003,3,0.016853932584269662,0,0
E09000013,Hammersmith & Fulham,215,8,0.037209302325581395,3,0.013953488372093023,275,0,0,0,0,319,17,0.05329153605015674,6,0.018808777429467086,338,0,0,0,0,385,16,0.04155844155844156,7,0.01818181818181818,398,0,0,0,0,426,0,0,0,0,Hammersmith and Fulham,London,E12000007,-8,-0.037209302325581395,-3,-0.013953488372093023
E07000131,Harborough,136,0,0,0,0,167,0,0,0,0,188,0,0,0,0,199,4,0.020100502512562814,0,0,215,0,0,0,0,226,11,0.048672566371681415,5,0.022123893805309734,231,11,0.047619047619047616,1,0.004329004329004329,Harborough,East Midlands,E12000004,11,0.047619047619047616,1,0.004329004329004329
E09000014,Haringey,259,20,0.07722007722007722,9,0.03474903474903475,321,30,0.09345794392523364,10,0.03115264797507788,373,32,0.08579088471849866,12,0.032171581769437,420,35,0.08333333333333333,13,0.030952380952380953,476,0,0,0,0,505,60,0.1188118811881188,12,0.023762376237623763,518,69,0.13320463320463322,14,0.02702702702702703,Haringey,London,E12000007,49,0.055984555984556,5,-0.0077220077220077205
E07000073,Harlow,10,2,0.2,0,0,38,3,0.07894736842105263,0,0,43,4,0.09302325581395349,0,0,43,0,0,0,0,53,0,0,0,0,39,0,0,0,0,43,0,0,0,0,Harlow,East of England,E12000006,-2,-0.2,0,0
E07000165,Harrogate,161,0,0,0,0,215,0,0,0,0,244,0,0,0,0,269,0,0,0,0,298,0,0,0,0,318,0,0,0,0,321,0,0,0,0,Harrogate,Yorkshire and The Humber,E12000003,0,0,0,0
E09000015,Harrow,105,0,0,0,0,134,0,0,0,0,159,0,0,0,0,171,0,0,0,0,187,0,0,0,0,200,0,0,0,0,209,0,0,0,0,Harrow,London,E12000007,0,0,0,0
E07000089,Hart,140,1,0.007142857142857143,0,0,176,2,0.011363636363636364,0,0,185,4,0.021621621621621623,0,0,201,4,0.01990049751243781,0,0,212,0,0,0,0,214,9,0.04205607476635514,0,0,222,10,0.04504504504504504,0,0,Hart,South East,E12000008,9,0.0379021879021879,0,0
E06000001,Hartlepool,25,0,0,0,0,38,0,0,0,0,43,0,0,0,0,43,0,0,0,0,53,0,0,0,0,42,0,0,0,0,40,0,0,0,0,Hartlepool,North East,E12000001,0,0,0,0
E07000062,Hastings,71,4,0.056338028169014086,0,0,84,5,0.05952380952380952,4,0.047619047619047616,99,6,0.06060606060606061,6,0.06060606060606061,108,0,0,0,0,118,0,0,0,0,118,10,0.0847457627118644,7,0.059322033898305086,121,10,0.08264462809917356,5,0.04132231404958678,Hastings,South East,E12000008,6,0.02630659993015947,5,0.04132231404958678
E07000090,Havant,59,0,0,0,0,82,4,0.04878048780487805,0,0,91,4,0.04395604395604396,0,0,98,4,0.04081632653061224,0,0,103,4,0.038834951456310676,0,0,108,4,0.037037037037037035,0,0,108,0,0,0,0,Havant,South East,E12000008,0,0,0,0
E09000016,Havering,103,11,0.10679611650485436,5,0.04854368932038835,161,13,0.08074534161490683,4,0.024844720496894408,192,0,0,0,0,221,0,0,0,0,254,29,0.1141732283464567,19,0.07480314960629922,268,0,0,0,0,281,34,0.12099644128113879,13,0.046263345195729534,Havering,London,E12000007,23,0.014200324776284426,8,-0.0022803441246588146
E06000019,Herefordshire,240,9,0.0375,5,0.020833333333333332,347,15,0.043227665706051875,9,0.025936599423631124,414,17,0.04106280193236715,10,0.024154589371980676,475,23,0.04842105263157895,11,0.023157894736842106,523,27,0.05162523900573614,12,0.022944550669216062,547,0,0,0,0,569,0,0,0,0,"Herefordshire, County of",West Midlands,E12000005,-9,-0.0375,-5,-0.020833333333333332
E07000098,Hertsmere,98,0,0,0,0,110,0,0,0,0,121,5,0.04132231404958678,2,0.01652892561983471,124,0,0,0,0,134,15,0.11194029850746269,2,0.014925373134328358,137,12,0.08759124087591241,3,0.021897810218978103,146,15,0.10273972602739725,6,0.0410958904109589,Hertsmere,East of England,E12000006,15,0.10273972602739725,6,0.0410958904109589
E07000037,High Peak,98,0,0,0,0,144,0,0,0,0,184,2,0.010869565217391304,0,0,203,3,0.014778325123152709,0,0,213,0,0,0,0,222,4,0.018018018018018018,0,0,225,4,0.017777777777777778,0,0,High Peak,East Midlands,E12000004,4,0.017777777777777778,0,0
E09000017,Hillingdon,146,27,0.18493150684931506,21,0.14383561643835616,225,35,0.15555555555555556,25,0.1111111111111111,279,43,0.15412186379928317,32,0.11469534050179211,303,0,0,0,0,329,52,0.1580547112462006,0,0,353,57,0.16147308781869688,38,0.10764872521246459,358,0,0,0,0,Hillingdon,London,E12000007,-27,-0.18493150684931506,-21,-0.14383561643835616
E07000132,Hinckley & Bosworth,95,0,0,0,0,114,2,0.017543859649122806,0,0,129,7,0.05426356589147287,3,0.023255813953488372,149,0,0,0,0,160,12,0.075,3,0.01875,165,13,0.07878787878787878,3,0.01818181818181818,169,17,0.10059171597633136,4,0.023668639053254437,Hinckley and Bosworth,East Midlands,E12000004,17,0.10059171597633136,4,0.023668639053254437
E07000227,Horsham,220,0,0,0,0,293,0,0,0,0,336,0,0,0,0,364,1,0.0027472527472527475,0,0,380,0,0,0,0,385,1,0.0025974025974025974,0,0,397,2,0.005037783375314861,0,0,Horsham,South East,E12000008,2,0.005037783375314861,0,0
E09000018,Hounslow,177,21,0.11864406779661017,3,0.01694915254237288,240,33,0.1375,6,0.025,279,52,0.1863799283154122,19,0.06810035842293907,324,58,0.17901234567901234,21,0.06481481481481481,372,0,0,0,0,399,59,0.14786967418546365,21,0.05263157894736842,436,0,0,0,0,Hounslow,London,E12000007,-21,-0.11864406779661017,-3,-0.01694915254237288
E07000011,Huntingdonshire,138,4,0.028985507246376812,0,0,188,4,0.02127659574468085,0,0,220,4,0.01818181818181818,0,0,249,4,0.01606425702811245,0,0,273,5,0.018315018315018316,2,0.007326007326007326,281,5,0.017793594306049824,0,0,300,5,0.016666666666666666,2,0.006666666666666667,Huntingdonshire,East of England,E12000006,1,-0.012318840579710146,2,0.006666666666666667
E07000120,Hyndburn,27,0,0,0,0,38,0,0,0,0,43,0,0,0,0,44,0,0,0,0,53,0,0,0,0,51,0,0,0,0,50,0,0,0,0,Hyndburn,North West,E12000002,0,0,0,0
E07000202,Ipswich,57,7,0.12280701754385964,1,0.017543859649122806,67,10,0.14925373134328357,4,0.05970149253731343,80,10,0.125,5,0.0625,88,10,0.11363636363636363,4,0.045454545454545456,94,11,0.11702127659574468,2,0.02127659574468085,96,0,0,0,0,96,13,0.13541666666666666,3,0.03125,Ipswich,East of England,E12000006,6,0.012609649122807015,2,0.013706140350877194
E06000046,Isle of Wight,137,0,0,0,0,162,0,0,0,0,182,0,0,0,0,192,0,0,0,0,214,0,0,0,0,214,0,0,0,0,218,1,0.0045871559633027525,0,0,Isle of Wight,South East,E12000008,1,0.0045871559633027525,0,0
E06000053,Isles of Scilly,8,0,0,0,0,38,0,0,0,0,43,0,0,0,0,43,0,0,0,0,53,0,0,0,0,38,0,0,0,0,28,0,0,0,0,Isles of Scilly,South West,E12000009,0,0,0,0
E09000019,Islington,204,7,0.03431372549019608,6,0.029411764705882353,240,16,0.06666666666666667,13,0.05416666666666667,284,16,0.056338028169014086,12,0.04225352112676056,308,18,0.05844155844155844,14,0.045454545454545456,329,19,0.057750759878419454,15,0.04559270516717325,337,20,0.05934718100890208,14,0.04154302670623145,346,21,0.06069364161849711,15,0.04335260115606936,Islington,London,E12000007,14,0.026379916128301026,9,0.01394083645018701
E09000020,Kensington & Chelsea,267,17,0.06367041198501873,11,0.04119850187265917,339,23,0.06784660766961652,13,0.038348082595870206,378,31,0.082010582010582,15,0.03968253968253968,440,33,0.075,16,0.03636363636363636,481,37,0.07692307692307693,16,0.033264033264033266,511,37,0.07240704500978473,16,0.03131115459882583,532,38,0.07142857142857142,19,0.03571428571428571,Kensington and Chelsea,London,E12000007,21,0.007758159443552695,8,-0.00548421615837346
E07000146,King's Lynn & West Norfolk,105,0,0,0,0,139,0,0,0,0,162,0,0,0,0,177,5,0.02824858757062147,3,0.01694915254237288,194,9,0.04639175257731959,2,0.010309278350515464,190,12,0.06315789473684211,4,0.021052631578947368,199,14,0.07035175879396985,3,0.01507537688442211,King's Lynn and West Norfolk,East of England,E12000006,14,0.07035175879396985,3,0.01507537688442211
E06000010,Kingston upon Hull,100,6,0.06,2,0.02,118,0,0,0,0,133,19,0.14285714285714285,10,0.07518796992481203,154,23,0.14935064935064934,13,0.08441558441558442,166,0,0,0,0,171,27,0.15789473684210525,14,0.08187134502923976,186,32,0.17204301075268819,14,0.07526881720430108,"Kingston upon Hull, City of",Yorkshire and The Humber,E12000003,26,0.11204301075268819,12,0.055268817204301074
E09000021,Kingston upon Thames,172,0,0,0,0,230,7,0.030434782608695653,7,0.030434782608695653,257,8,0.0311284046692607,5,0.019455252918287938,286,10,0.03496503496503497,4,0.013986013986013986,318,0,0,0,0,339,17,0.05014749262536873,8,0.02359882005899705,348,0,0,0,0,Kingston upon Thames,London,E12000007,0,0,0,0
E08000034,Kirklees,173,2,0.011560693641618497,0,0,234,3,0.01282051282051282,0,0,289,6,0.020761245674740483,4,0.01384083044982699,321,8,0.024922118380062305,3,0.009345794392523364,356,15,0.042134831460674156,6,0.016853932584269662,362,21,0.058011049723756904,7,0.019337016574585635,378,22,0.0582010582010582,6,0.015873015873015872,Kirklees,Yorkshire and The Humber,E12000003,20,0.0466403645594397,6,0.015873015873015872
E08000011,Knowsley,28,0,0,0,0,48,0,0,0,0,57,0,0,0,0,58,0,0,0,0,61,0,0,0,0,70,1,0.014285714285714285,0,0,70,2,0.02857142857142857,0,0,Knowsley,North West,E12000002,2,0.02857142857142857,0,0
E09000022,Lambeth,267,1,0.003745318352059925,0,0,318,5,0.015723270440251572,4,0.012578616352201259,382,6,0.015706806282722512,5,0.013089005235602094,411,9,0.021897810218978103,6,0.014598540145985401,457,11,0.024070021881838075,6,0.01312910284463895,477,14,0.029350104821802937,5,0.010482180293501049,487,0,0,0,0,Lambeth,London,E12000007,-1,-0.003745318352059925,0,0
E07000121,Lancaster,90,0,0,0,0,112,0,0,0,0,127,0,0,0,0,144,0,0,0,0,157,0,0,0,0,171,0,0,0,0,178,0,0,0,0,Lancaster,North West,E12000002,0,0,0,0
E08000035,Leeds,343,11,0.03206997084548105,3,0.008746355685131196,457,17,0.037199124726477024,5,0.010940919037199124,525,0,0,0,0,558,32,0.05734767025089606,12,0.021505376344086023,615,35,0.056910569105691054,7,0.011382113821138212,643,37,0.05754276827371695,8,0.012441679626749611,674,40,0.05934718100890208,6,0.008902077151335312,Leeds,Yorkshire and The Humber,E12000003,29,0.02727721016342103,3,1.5572146620411627e-4
E06000016,Leicester,50,4,0.08,0,0,70,4,0.05714285714285714,0,0,88,0,0,0,0,99,0,0,0,0,111,8,0.07207207207207207,3,0.02702702702702703,116,0,0,0,0,117,0,0,0,0,Leicester,East Midlands,E12000004,-4,-0.08,0,0
E07000063,Lewes,161,0,0,0,0,194,0,0,0,0,219,4,0.0182648401826484,0,0,234,0,0,0,0,257,2,0.007782101167315175,0,0,267,2,0.00749063670411985,0,0,270,2,0.007407407407407408,0,0,Lewes,South East,E12000008,2,0.007407407407407408,0,0
E09000023,Lewisham,217,1,0.004608294930875576,0,0,279,4,0.014336917562724014,0,0,333,5,0.015015015015015015,1,0.003003003003003003,365,7,0.019178082191780823,2,0.005479452054794521,403,8,0.019851116625310174,3,0.007444168734491315,422,12,0.02843601895734597,3,0.0071090047393364926,438,15,0.03424657534246575,1,0.00228310502283105,Lewisham,London,E12000007,14,0.029638280411590175,1,0.00228310502283105
E07000194,Lichfield,79,0,0,0,0,108,0,0,0,0,128,0,0,0,0,145,1,0.006896551724137931,0,0,153,6,0.0392156862745098,0,0,153,7,0.0457516339869281,0,0,159,7,0.0440251572327044,2,0.012578616352201259,Lichfield,West Midlands,E12000005,7,0.0440251572327044,2,0.012578616352201259
E07000138,Lincoln,54,1,0.018518518518518517,0,0,72,3,0.041666666666666664,0,0,77,0,0,0,0,86,4,0.046511627906976744,0,0,87,6,0.06896551724137931,0,0,94,7,0.07446808510638298,2,0.02127659574468085,96,8,0.08333333333333333,1,0.010416666666666666,Lincoln,East Midlands,E12000004,7,0.06481481481481481,1,0.010416666666666666
E08000012,Liverpool,111,5,0.04504504504504504,8,0.07207207207207207,135,5,0.037037037037037035,11,0.08148148148148149,171,9,0.05263157894736842,13,0.07602339181286549,190,9,0.04736842105263158,14,0.07368421052631578,222,9,0.04054054054054054,13,0.05855855855855856,232,0,0,0,0,239,13,0.05439330543933055,13,0.05439330543933055,Liverpool,North West,E12000002,8,0.009348260394285504,5,-0.017678766632741524
E06000032,Luton,27,12,0.4444444444444444,2,0.07407407407407407,38,13,0.34210526315789475,1,0.02631578947368421,52,15,0.28846153846153844,2,0.038461538461538464,56,17,0.30357142857142855,3,0.05357142857142857,69,17,0.2463768115942029,2,0.028985507246376812,69,19,0.2753623188405797,3,0.043478260869565216,73,20,0.273972602739726,1,0.0136986301369863,Luton,East of England,E12000006,8,-0.1704718417047184,-1,-0.06037544393708777
E07000110,Maidstone,191,8,0.041884816753926704,3,0.015706806282722512,237,0,0,0,0,286,10,0.03496503496503497,4,0.013986013986013986,317,0,0,0,0,350,0,0,0,0,350,0,0,0,0,352,11,0.03125,1,0.002840909090909091,Maidstone,South East,E12000008,3,-0.010634816753926704,-2,-0.01286589719181342
E07000074,Maldon,54,0,0,0,0,69,0,0,0,0,78,0,0,0,0,85,0,0,0,0,94,2,0.02127659574468085,0,0,98,4,0.04081632653061224,0,0,100,0,0,0,0,Maldon,East of England,E12000006,0,0,0,0
E07000235,Malvern Hills,123,0,0,0,0,191,2,0.010471204188481676,0,0,216,7,0.032407407407407406,3,0.013888888888888888,244,12,0.04918032786885246,2,0.00819672131147541,254,15,0.05905511811023622,2,0.007874015748031496,266,16,0.06015037593984962,4,0.015037593984962405,266,28,0.10526315789473684,2,0.007518796992481203,Malvern Hills,West Midlands,E12000005,28,0.10526315789473684,2,0.007518796992481203
E08000003,Manchester,173,17,0.09826589595375723,12,0.06936416184971098,234,19,0.0811965811965812,14,0.05982905982905983,290,23,0.07931034482758621,13,0.04482758620689655,328,29,0.08841463414634146,13,0.039634146341463415,363,30,0.08264462809917356,14,0.03856749311294766,387,31,0.08010335917312661,14,0.03617571059431524,390,34,0.08717948717948718,16,0.041025641025641026,Manchester,North West,E12000002,17,-0.011086408774270057,4,-0.02833852082406995
E07000174,Mansfield,35,1,0.02857142857142857,0,0,47,1,0.02127659574468085,0,0,51,1,0.0196078431372549,0,0,56,5,0.08928571428571429,0,0,65,1,0.015384615384615385,0,0,69,3,0.043478260869565216,0,0,73,3,0.0410958904109589,0,0,Mansfield,East Midlands,E12000004,2,0.012524461839530331,0,0
E06000035,Medway Towns,89,0,0,0,0,113,14,0.12389380530973451,11,0.09734513274336283,137,14,0.10218978102189781,9,0.06569343065693431,156,0,0,0,0,178,19,0.10674157303370786,7,0.03932584269662921,186,23,0.12365591397849462,7,0.03763440860215054,186,0,0,0,0,Medway,South East,E12000008,0,0,0,0
E07000133,Melton,32,0,0,0,0,49,1,0.02040816326530612,0,0,59,0,0,0,0,64,0,0,0,0,69,0,0,0,0,73,3,0.0410958904109589,0,0,77,3,0.03896103896103896,0,0,Melton,East Midlands,E12000004,3,0.03896103896103896,0,0
E07000187,Mendip,211,0,0,0,0,252,0,0,0,0,282,1,0.0035460992907801418,0,0,302,0,0,0,0,315,0,0,0,0,316,0,0,0,0,324,1,0.0030864197530864196,0,0,Mendip,South West,E12000009,1,0.0030864197530864196,0,0
E09000024,Merton,221,2,0.00904977375565611,0,0,293,3,0.010238907849829351,0,0,332,4,0.012048192771084338,0,0,374,6,0.016042780748663103,3,0.008021390374331552,431,10,0.02320185614849188,4,0.009280742459396751,476,12,0.025210084033613446,5,0.01050420168067227,520,14,0.026923076923076925,4,0.007692307692307693,Merton,London,E12000007,12,0.017873303167420813,4,0.007692307692307693
E07000042,Mid Devon,109,0,0,0,0,150,0,0,0,0,172,0,0,0,0,183,0,0,0,0,201,0,0,0,0,207,4,0.01932367149758454,0,0,221,6,0.027149321266968326,1,0.004524886877828055,Mid Devon,South West,E12000009,6,0.027149321266968326,1,0.004524886877828055
E07000203,Mid Suffolk,128,0,0,0,0,171,1,0.005847953216374269,0,0,191,1,0.005235602094240838,0,0,202,4,0.019801980198019802,0,0,217,2,0.009216589861751152,0,0,221,5,0.02262443438914027,0,0,220,6,0.02727272727272727,1,0.004545454545454545,Mid Suffolk,East of England,E12000006,6,0.02727272727272727,1,0.004545454545454545
E07000228,Mid Sussex,227,0,0,0,0,302,0,0,0,0,344,0,0,0,0,370,0,0,0,0,395,0,0,0,0,401,1,0.0024937655860349127,0,0,400,1,0.0025,0,0,Mid Sussex,South East,E12000008,1,0.0025,0,0
E06000002,Middlesbrough,23,3,0.13043478260869565,0,0,38,3,0.07894736842105263,0,0,43,3,0.06976744186046512,0,0,43,3,0.06976744186046512,0,0,53,5,0.09433962264150944,1,0.018867924528301886,43,3,0.06976744186046512,0,0,45,0,0,0,0,Middlesbrough,North East,E12000001,-3,-0.13043478260869565,0,0
E06000042,Milton Keynes,201,3,0.014925373134328358,0,0,241,4,0.016597510373443983,0,0,269,5,0.01858736059479554,5,0.01858736059479554,295,7,0.023728813559322035,6,0.020338983050847456,320,9,0.028125,7,0.021875,329,0,0,0,0,337,9,0.026706231454005934,7,0.020771513353115726,Milton Keynes,South East,E12000008,6,0.011780858319677576,7,0.020771513353115726
E07000210,Mole Valley,144,1,0.006944444444444444,0,0,175,2,0.011428571428571429,0,0,196,1,0.00510204081632653,0,0,223,3,0.013452914798206279,0,0,244,3,0.012295081967213115,0,0,253,5,0.019762845849802372,0,0,249,0,0,0,0,Mole Valley,South East,E12000008,-1,-0.006944444444444444,0,0
E07000091,New Forest,196,1,0.00510204081632653,0,0,235,0,0,0,0,267,1,0.003745318352059925,0,0,290,5,0.017241379310344827,1,0.0034482758620689655,317,10,0.031545741324921134,2,0.006309148264984227,328,12,0.036585365853658534,0,0,335,0,0,0,0,New Forest,South East,E12000008,-1,-0.00510204081632653,0,0
E07000175,Newark & Sherwood,111,0,0,0,0,158,0,0,0,0,170,0,0,0,0,189,0,0,0,0,208,0,0,0,0,217,0,0,0,0,220,0,0,0,0,Newark and Sherwood,East Midlands,E12000004,0,0,0,0
E08000021,Newcastle on Tyne,102,4,0.0392156862745098,0,0,156,6,0.038461538461538464,1,0.00641025641025641,181,0,0,0,0,195,0,0,0,0,213,0,0,0,0,237,0,0,0,0,242,0,0,0,0,Newcastle upon Tyne,North East,E12000001,-4,-0.0392156862745098,0,0
E07000195,Newcastle under Lyme,50,0,0,0,0,56,0,0,0,0,61,0,0,0,0,63,0,0,0,0,69,0,0,0,0,73,0,0,0,0,78,0,0,0,0,Newcastle-under-Lyme,West Midlands,E12000005,0,0,0,0
E09000025,Newham,135,3,0.022222222222222223,0,0,189,8,0.042328042328042326,4,0.021164021164021163,222,28,0.12612612612612611,5,0.02252252252252252,241,29,0.12033195020746888,6,0.024896265560165973,286,32,0.11188811188811189,7,0.024475524475524476,316,34,0.10759493670886076,8,0.02531645569620253,357,37,0.10364145658263306,7,0.0196078431372549,Newham,London,E12000007,34,0.08141923436041083,7,0.0196078431372549
E07000043,North Devon,81,0,0,0,0,91,0,0,0,0,119,0,0,0,0,130,0,0,0,0,146,0,0,0,0,153,0,0,0,0,161,0,0,0,0,North Devon,South West,E12000009,0,0,0,0
E07000038,North East Derbyshire,64,0,0,0,0,85,0,0,0,0,99,2,0.020202020202020204,0,0,115,2,0.017391304347826087,0,0,121,0,0,0,0,121,4,0.03305785123966942,0,0,127,5,0.03937007874015748,2,0.015748031496062992,North East Derbyshire,East Midlands,E12000004,5,0.03937007874015748,2,0.015748031496062992
E06000012,North East Lincolnshire,36,0,0,0,0,41,0,0,0,0,48,0,0,0,0,59,0,0,0,0,70,1,0.014285714285714285,0,0,75,0,0,0,0,71,0,0,0,0,North East Lincolnshire,Yorkshire and The Humber,E12000003,0,0,0,0
E07000099,North Hertfordshire,158,1,0.006329113924050633,0,0,196,3,0.015306122448979591,0,0,229,3,0.013100436681222707,0,0,240,3,0.0125,0,0,254,3,0.011811023622047244,0,0,256,5,0.01953125,0,0,257,5,0.019455252918287938,1,0.0038910505836575876,North Hertfordshire,East of England,E12000006,4,0.013126138994237306,1,0.0038910505836575876
E07000139,North Kesteven,88,0,0,0,0,119,0,0,0,0,136,1,0.007352941176470588,0,0,143,0,0,0,0,153,0,0,0,0,161,0,0,0,0,162,0,0,0,0,North Kesteven,East Midlands,E12000004,0,0,0,0
E06000013,North Lincolnshire,79,0,0,0,0,117,0,0,0,0,146,0,0,0,0,157,0,0,0,0,171,2,0.011695906432748537,0,0,170,2,0.011764705882352941,0,0,177,2,0.011299435028248588,0,0,North Lincolnshire,Yorkshire and The Humber,E12000003,2,0.011299435028248588,0,0
E07000147,North Norfolk,115,1,0.008695652173913044,0,0,157,2,0.012738853503184714,0,0,165,2,0.012121212121212121,0,0,181,4,0.022099447513812154,0,0,196,4,0.02040816326530612,0,0,203,6,0.029556650246305417,3,0.014778325123152709,202,6,0.0297029702970297,3,0.01485148514851485,North Norfolk,East of England,E12000006,5,0.02100731812311666,3,0.01485148514851485
E06000061,North Northamptonshire,261,5,0.019157088122605363,3,0.011494252873563218,322,9,0.027950310559006212,4,0.012422360248447204,373,11,0.029490616621983913,5,0.013404825737265416,391,11,0.028132992327365727,4,0.010230179028132993,426,11,0.025821596244131457,4,0.009389671361502348,449,12,0.026726057906458798,4,0.008908685968819599,455,14,0.03076923076923077,3,0.006593406593406593,North Northamptonshire,East Midlands,E12000004,9,0.011612142646625408,0,-0.004900846280156625
E06000024,North Somerset,236,0,0,0,0,321,0,0,0,0,364,0,0,0,0,395,0,0,0,0,419,0,0,0,0,446,0,0,0,0,480,1,0.0020833333333333333,0,0,North Somerset,South West,E12000009,1,0.0020833333333333333,0,0
E08000022,North Tyneside,157,0,0,0,0,196,1,0.00510204081632653,0,0,212,1,0.0047169811320754715,0,0,225,1,0.0044444444444444444,0,0,237,1,0.004219409282700422,0,0,247,1,0.004048582995951417,0,0,252,1,0.003968253968253968,0,0,North Tyneside,North East,E12000001,1,0.003968253968253968,0,0
E07000218,North Warwickshire,38,0,0,0,0,63,0,0,0,0,82,0,0,0,0,89,1,0.011235955056179775,0,0,94,1,0.010638297872340425,0,0,95,2,0.021052631578947368,0,0,95,2,0.021052631578947368,0,0,North Warwickshire,West Midlands,E12000005,2,0.021052631578947368,0,0
E07000134,North West Leicestershire,79,0,0,0,0,90,1,0.011111111111111112,0,0,104,4,0.038461538461538464,0,0,110,5,0.045454545454545456,0,0,119,6,0.05042016806722689,0,0,125,10,0.08,0,0,122,15,0.12295081967213115,0,0,North West Leicestershire,East Midlands,E12000004,15,0.12295081967213115,0,0
E06000057,Northumberland,217,0,0,0,0,274,1,0.0036496350364963502,0,0,336,0,0,0,0,379,0,0,0,0,441,0,0,0,0,466,4,0.008583690987124463,0,0,473,14,0.02959830866807611,7,0.014799154334038054,Northumberland,North East,E12000001,14,0.02959830866807611,7,0.014799154334038054
E07000148,Norwich,89,0,0,0,0,114,0,0,0,0,128,2,0.015625,0,0,138,0,0,0,0,142,0,0,0,0,153,0,0,0,0,154,0,0,0,0,Norwich,East of England,E12000006,0,0,0,0
E06000018,Nottingham,111,5,0.04504504504504504,1,0.009009009009009009,161,6,0.037267080745341616,1,0.006211180124223602,193,6,0.031088082901554404,1,0.0051813471502590676,201,8,0.03980099502487562,2,0.009950248756218905,214,8,0.037383177570093455,2,0.009345794392523364,223,9,0.04035874439461883,2,0.008968609865470852,223,9,0.04035874439461883,3,0.013452914798206279,Nottingham,East Midlands,E12000004,4,-0.00468630065042621,2,0.00444390578919727
E07000219,Nuneaton & Bedworth,32,0,0,0,0,39,3,0.07692307692307693,0,0,51,3,0.058823529411764705,0,0,53,3,0.05660377358490566,0,0,59,0,0,0,0,66,3,0.045454545454545456,0,0,65,0,0,0,0,Nuneaton and Bedworth,West Midlands,E12000005,0,0,0,0
E07000135,Oadby & Wigston,8,0,0,0,0,38,0,0,0,0,43,0,0,0,0,43,0,0,0,0,53,0,0,0,0,14,0,0,0,0,14,0,0,0,0,Oadby and Wigston,East Midlands,E12000004,0,0,0,0
E08000004,Oldham,44,1,0.022727272727272728,0,0,59,1,0.01694915254237288,0,0,67,2,0.029850746268656716,0,0,73,3,0.0410958904109589,0,0,81,3,0.037037037037037035,0,0,84,4,0.047619047619047616,0,0,85,4,0.047058823529411764,0,0,Oldham,North West,E12000002,3,0.024331550802139036,0,0
E07000178,Oxford,163,1,0.006134969325153374,0,0,205,2,0.00975609756097561,0,0,247,4,0.016194331983805668,0,0,273,5,0.018315018315018316,1,0.003663003663003663,312,5,0.016025641025641024,1,0.003205128205128205,331,6,0.01812688821752266,1,0.0030211480362537764,342,8,0.023391812865497075,2,0.005847953216374269,Oxford,South East,E12000008,7,0.0172568435403437,2,0.005847953216374269
E07000122,Pendle,42,1,0.023809523809523808,0,0,57,2,0.03508771929824561,0,0,72,2,0.027777777777777776,0,0,78,2,0.02564102564102564,0,0,83,3,0.03614457831325301,0,0,82,5,0.06097560975609756,0,0,83,0,0,0,0,Pendle,North West,E12000002,-1,-0.023809523809523808,0,0
E06000031,Peterborough,77,0,0,0,0,106,8,0.07547169811320754,3,0.02830188679245283,135,0,0,0,0,163,4,0.024539877300613498,0,0,176,0,0,0,0,197,14,0.07106598984771574,2,0.01015228426395939,215,14,0.06511627906976744,2,0.009302325581395349,Peterborough,East of England,E12000006,14,0.06511627906976744,2,0.009302325581395349
E06000026,Plymouth,100,2,0.02,0,0,123,2,0.016260162601626018,0,0,155,5,0.03225806451612903,5,0.03225806451612903,166,7,0.04216867469879518,7,0.04216867469879518,175,8,0.045714285714285714,8,0.045714285714285714,184,9,0.04891304347826087,7,0.03804347826086957,186,13,0.06989247311827956,4,0.021505376344086023,Plymouth,South West,E12000009,11,0.04989247311827956,4,0.021505376344086023
E06000044,Portsmouth,71,0,0,0,0,99,1,0.010101010101010102,0,0,120,1,0.008333333333333333,0,0,139,2,0.014388489208633094,0,0,153,2,0.013071895424836602,0,0,160,2,0.0125,0,0,161,0,0,0,0,Portsmouth,South East,E12000008,0,0,0,0
E07000123,Preston,56,1,0.017857142857142856,0,0,74,0,0,0,0,84,0,0,0,0,90,0,0,0,0,99,0,0,0,0,101,1,0.009900990099009901,0,0,101,1,0.009900990099009901,0,0,Preston,North West,E12000002,0,-0.007956152758132955,0,0
E06000038,Reading,113,4,0.035398230088495575,0,0,154,7,0.045454545454545456,4,0.025974025974025976,175,12,0.06857142857142857,5,0.02857142857142857,198,14,0.0707070707070707,6,0.030303030303030304,213,16,0.07511737089201878,8,0.03755868544600939,223,17,0.07623318385650224,11,0.04932735426008968,236,20,0.0847457627118644,6,0.025423728813559324,Reading,South East,E12000008,16,0.04934753262336883,6,0.025423728813559324
E09000026,Redbridge,175,1,0.005714285714285714,0,0,232,4,0.017241379310344827,0,0,282,9,0.031914893617021274,5,0.01773049645390071,321,9,0.028037383177570093,5,0.01557632398753894,364,11,0.03021978021978022,6,0.016483516483516484,388,12,0.030927835051546393,6,0.015463917525773196,441,12,0.027210884353741496,6,0.013605442176870748,Redbridge,London,E12000007,11,0.021496598639455782,6,0.013605442176870748
E06000003,Redcar & Cleveland,41,1,0.024390243902439025,0,0,67,1,0.014925373134328358,0,0,79,1,0.012658227848101266,0,0,86,1,0.011627906976744186,0,0,91,4,0.04395604395604396,0,0,90,0,0,0,0,96,5,0.052083333333333336,1,0.010416666666666666,Redcar and Cleveland,North East,E12000001,4,0.02769308943089431,1,0.010416666666666666
E07000236,Redditch,22,0,0,0,0,38,0,0,0,0,43,1,0.023255813953488372,0,0,43,2,0.046511627906976744,0,0,53,0,0,0,0,44,0,0,0,0,45,0,0,0,0,Redditch,West Midlands,E12000005,0,0,0,0
E07000211,Reigate & Banstead,110,0,0,0,0,158,5,0.03164556962025317,0,0,188,6,0.031914893617021274,0,0,221,0,0,0,0,238,0,0,0,0,247,0,0,0,0,255,11,0.043137254901960784,0,0,Reigate and Banstead,South East,E12000008,11,0.043137254901960784,0,0
E07000124,Ribble Valley,52,0,0,0,0,66,0,0,0,0,70,0,0,0,0,87,0,0,0,0,93,0,0,0,0,99,0,0,0,0,97,0,0,0,0,Ribble Valley,North West,E12000002,0,0,0,0
E09000027,Richmond upon Thames,366,21,0.05737704918032787,9,0.02459016393442623,447,33,0.0738255033557047,8,0.017897091722595078,529,47,0.0888468809073724,13,0.024574669187145556,574,58,0.10104529616724739,23,0.04006968641114982,620,75,0.12096774193548387,20,0.03225806451612903,635,0,0,0,0,665,0,0,0,0,Richmond upon Thames,London,E12000007,-21,-0.05737704918032787,-9,-0.02459016393442623
E07000166,Richmondshire,33,0,0,0,0,58,0,0,0,0,72,0,0,0,0,73,1,0.0136986301369863,0,0,75,0,0,0,0,85,0,0,0,0,87,1,0.011494252873563218,0,0,Richmondshire,Yorkshire and The Humber,E12000003,1,0.011494252873563218,0,0
E08000005,Rochdale,42,2,0.047619047619047616,0,0,53,4,0.07547169811320754,0,0,62,4,0.06451612903225806,0,0,69,4,0.057971014492753624,0,0,77,4,0.05194805194805195,0,0,87,4,0.04597701149425287,0,0,90,6,0.06666666666666667,4,0.044444444444444446,Rochdale,North West,E12000002,4,0.01904761904761905,4,0.044444444444444446
E07000075,Rochford,29,0,0,0,0,43,1,0.023255813953488372,0,0,51,2,0.0392156862745098,0,0,56,2,0.03571428571428571,0,0,61,3,0.04918032786885246,0,0,61,4,0.06557377049180328,0,0,62,4,0.06451612903225806,0,0,Rochford,East of England,E12000006,4,0.06451612903225806,0,0
E07000125,Rossendale,35,0,0,0,0,39,1,0.02564102564102564,0,0,49,2,0.04081632653061224,0,0,49,2,0.04081632653061224,0,0,53,2,0.03773584905660377,0,0,56,2,0.03571428571428571,0,0,56,6,0.10714285714285714,0,0,Rossendale,North West,E12000002,6,0.10714285714285714,0,0
E07000064,Rother,162,1,0.006172839506172839,0,0,208,3,0.014423076923076924,0,0,230,4,0.017391304347826087,0,0,240,6,0.025,5,0.020833333333333332,259,8,0.03088803088803089,6,0.023166023166023165,276,13,0.04710144927536232,4,0.014492753623188406,282,16,0.05673758865248227,5,0.01773049645390071,Rother,South East,E12000008,15,0.05056474914630943,5,0.01773049645390071
E08000018,Rotherham,60,1,0.016666666666666666,0,0,78,2,0.02564102564102564,0,0,98,3,0.030612244897959183,0,0,107,9,0.08411214953271028,7,0.06542056074766354,116,12,0.10344827586206896,8,0.06896551724137931,129,0,0,0,0,135,18,0.13333333333333333,14,0.1037037037037037,Rotherham,Yorkshire and The Humber,E12000003,17,0.11666666666666667,14,0.1037037037037037
E07000220,Rugby,104,0,0,0,0,126,0,0,0,0,151,3,0.019867549668874173,0,0,168,0,0,0,0,181,0,0,0,0,182,0,0,0,0,187,0,0,0,0,Rugby,West Midlands,E12000005,0,0,0,0
E07000212,Runnymede,74,0,0,0,0,91,0,0,0,0,111,0,0,0,0,120,0,0,0,0,129,0,0,0,0,141,1,0.0070921985815602835,0,0,147,1,0.006802721088435374,0,0,Runnymede,South East,E12000008,1,0.006802721088435374,0,0
E07000176,Rushcliffe,104,1,0.009615384615384616,0,0,142,1,0.007042253521126761,0,0,167,1,0.005988023952095809,0,0,196,2,0.01020408163265306,0,0,210,2,0.009523809523809525,0,0,221,2,0.00904977375565611,0,0,231,2,0.008658008658008658,0,0,Rushcliffe,East Midlands,E12000004,1,-9.573759573759579e-4,0,0
E07000092,Rushmoor,57,0,0,0,0,71,0,0,0,0,83,5,0.060240963855421686,0,0,83,5,0.060240963855421686,0,0,93,5,0.053763440860215055,0,0,97,0,0,0,0,96,0,0,0,0,Rushmoor,South East,E12000008,0,0,0,0
E06000017,Rutland,40,0,0,0,0,69,0,0,0,0,86,1,0.011627906976744186,0,0,102,0,0,0,0,111,1,0.009009009009009009,0,0,118,1,0.00847457627118644,0,0,119,1,0.008403361344537815,0,0,Rutland,East Midlands,E12000004,1,0.008403361344537815,0,0
E07000167,Ryedale,51,0,0,0,0,57,1,0.017543859649122806,0,0,66,0,0,0,0,82,0,0,0,0,88,2,0.022727272727272728,0,0,88,0,0,0,0,90,0,0,0,0,Ryedale,Yorkshire and The Humber,E12000003,0,0,0,0
E08000006,Salford,92,0,0,0,0,123,0,0,0,0,139,8,0.05755395683453238,4,0.02877697841726619,156,0,0,0,0,178,12,0.06741573033707865,5,0.028089887640449437,196,0,0,0,0,203,0,0,0,0,Salford,North West,E12000002,0,0,0,0
E08000028,Sandwell,21,0,0,0,0,38,0,0,0,0,55,0,0,0,0,68,0,0,0,0,77,11,0.14285714285714285,4,0.05194805194805195,85,0,0,0,0,86,0,0,0,0,Sandwell,West Midlands,E12000005,0,0,0,0
E07000168,Scarborough,56,1,0.017857142857142856,0,0,81,1,0.012345679012345678,0,0,98,2,0.02040816326530612,0,0,102,2,0.0196078431372549,0,0,109,3,0.027522935779816515,0,0,121,3,0.024793388429752067,0,0,133,3,0.022556390977443608,0,0,Scarborough,Yorkshire and The Humber,E12000003,2,0.004699248120300752,0,0
E07000188,Sedgemoor,113,0,0,0,0,152,0,0,0,0,185,0,0,0,0,201,0,0,0,0,210,0,0,0,0,217,0,0,0,0,220,0,0,0,0,Sedgemoor,South West,E12000009,0,0,0,0
E08000014,Sefton,127,0,0,0,0,159,0,0,0,0,176,0,0,0,0,192,0,0,0,0,202,0,0,0,0,207,0,0,0,0,215,0,0,0,0,Sefton,North West,E12000002,0,0,0,0
E07000169,Selby,73,0,0,0,0,96,0,0,0,0,109,3,0.027522935779816515,0,0,113,0,0,0,0,117,3,0.02564102564102564,0,0,123,8,0.06504065040650407,2,0.016260162601626018,122,0,0,0,0,Selby,Yorkshire and The Humber,E12000003,0,0,0,0
E07000111,Sevenoaks,236,0,0,0,0,299,7,0.023411371237458192,1,0.0033444816053511705,340,0,0,0,0,360,15,0.041666666666666664,1,0.002777777777777778,390,0,0,0,0,408,1,0.0024509803921568627,0,0,412,6,0.014563106796116505,0,0,Sevenoaks,South East,E12000008,6,0.014563106796116505,0,0
E08000019,Sheffield,255,7,0.027450980392156862,2,0.00784313725490196,362,0,0,0,0,437,11,0.02517162471395881,5,0.011441647597254004,489,13,0.026584867075664622,2,0.00408997955010225,515,21,0.040776699029126215,4,0.007766990291262136,534,25,0.04681647940074907,7,0.013108614232209739,550,0,0,0,0,Sheffield,Yorkshire and The Humber,E12000003,-7,-0.027450980392156862,-2,-0.00784313725490196
E06000051,Shropshire,274,0,0,0,0,348,7,0.020114942528735632,8,0.022988505747126436,398,14,0.035175879396984924,7,0.017587939698492462,452,20,0.04424778761061947,10,0.022123893805309734,513,24,0.04678362573099415,12,0.023391812865497075,548,31,0.05656934306569343,14,0.025547445255474453,544,37,0.06801470588235294,13,0.02389705882352941,Shropshire,West Midlands,E12000005,37,0.06801470588235294,13,0.02389705882352941
E06000039,Slough,20,0,0,0,0,38,2,0.05263157894736842,0,0,43,4,0.09302325581395349,0,0,43,5,0.11627906976744186,3,0.06976744186046512,53,0,0,0,0,47,0,0,0,0,52,0,0,0,0,Slough,South East,E12000008,0,0,0,0
E08000029,Solihull,114,1,0.008771929824561403,0,0,151,0,0,0,0,180,23,0.12777777777777777,16,0.08888888888888889,182,0,0,0,0,201,28,0.13930348258706468,16,0.07960199004975124,213,0,0,0,0,217,0,0,0,0,Solihull,West Midlands,E12000005,-1,-0.008771929824561403,0,0
E07000246,Somerset West and Taunton,253,0,0,0,0,306,0,0,0,0,341,0,0,0,0,367,0,0,0,0,385,0,0,0,0,410,7,0.01707317073170732,2,0.004878048780487805,418,7,0.01674641148325359,3,0.007177033492822967,Somerset West and Taunton,South West,E12000009,7,0.01674641148325359,3,0.007177033492822967
E07000012,South Cambridgeshire,390,0,0,0,0,521,0,0,0,0,598,1,0.0016722408026755853,0,0,649,0,0,0,0,695,2,0.0028776978417266188,0,0,716,2,0.002793296089385475,0,0,718,7,0.009749303621169917,0,0,South Cambridgeshire,East of England,E12000006,7,0.009749303621169917,0,0
E07000039,South Derbyshire,82,0,0,0,0,103,0,0,0,0,121,0,0,0,0,148,0,0,0,0,153,1,0.006535947712418301,0,0,158,1,0.006329113924050633,0,0,158,1,0.006329113924050633,0,0,South Derbyshire,East Midlands,E12000004,1,0.006329113924050633,0,0
E06000025,South Gloucestershire,209,4,0.019138755980861243,0,0,268,5,0.018656716417910446,0,0,289,6,0.020761245674740483,3,0.010380622837370242,306,10,0.032679738562091505,4,0.013071895424836602,352,13,0.036931818181818184,3,0.008522727272727272,367,15,0.04087193460490463,4,0.010899182561307902,383,0,0,0,0,South Gloucestershire,South West,E12000009,-4,-0.019138755980861243,0,0
E07000044,South Hams,93,0,0,0,0,133,0,0,0,0,158,0,0,0,0,162,0,0,0,0,174,0,0,0,0,187,0,0,0,0,196,0,0,0,0,South Hams,South West,E12000009,0,0,0,0
E07000140,South Holland,69,0,0,0,0,97,0,0,0,0,104,0,0,0,0,114,0,0,0,0,120,0,0,0,0,124,0,0,0,0,123,3,0.024390243902439025,0,0,South Holland,East Midlands,E12000004,3,0.024390243902439025,0,0
E07000141,South Kesteven,166,4,0.024096385542168676,0,0,218,6,0.027522935779816515,2,0.009174311926605505,252,6,0.023809523809523808,1,0.003968253968253968,273,7,0.02564102564102564,1,0.003663003663003663,293,7,0.023890784982935155,0,0,306,8,0.026143790849673203,0,0,311,8,0.02572347266881029,0,0,South Kesteven,East Midlands,E12000004,4,0.0016270871266416131,0,0
E07000031,South Lakeland,123,0,0,0,0,153,0,0,0,0,194,0,0,0,0,211,0,0,0,0,235,0,0,0,0,249,0,0,0,0,254,0,0,0,0,South Lakeland,North West,E12000002,0,0,0,0
E07000149,South Norfolk,163,0,0,0,0,176,2,0.011363636363636364,0,0,197,4,0.02030456852791878,0,0,229,4,0.017467248908296942,0,0,243,4,0.01646090534979424,0,0,253,9,0.03557312252964427,1,0.003952569169960474,261,19,0.07279693486590039,5,0.019157088122605363,South Norfolk,East of England,E12000006,19,0.07279693486590039,5,0.019157088122605363
E07000179,South Oxfordshire,378,1,0.0026455026455026454,0,0,457,8,0.0175054704595186,3,0.006564551422319475,526,11,0.02091254752851711,4,0.0076045627376425855,561,13,0.023172905525846704,3,0.0053475935828877,597,17,0.02847571189279732,1,0.0016750418760469012,610,32,0.05245901639344262,2,0.003278688524590164,616,34,0.05519480519480519,3,0.00487012987012987,South Oxfordshire,South East,E12000008,33,0.05254930254930255,3,0.00487012987012987
E07000126,South Ribble,44,1,0.022727272727272728,0,0,50,0,0,0,0,52,1,0.019230769230769232,0,0,57,1,0.017543859649122806,0,0,60,2,0.03333333333333333,0,0,72,1,0.013888888888888888,0,0,74,1,0.013513513513513514,0,0,South Ribble,North West,E12000002,0,-0.009213759213759214,0,0
E07000189,South Somerset,160,0,0,0,0,212,1,0.0047169811320754715,0,0,259,6,0.023166023166023165,3,0.011583011583011582,277,8,0.02888086642599278,4,0.01444043321299639,294,6,0.02040816326530612,3,0.01020408163265306,298,6,0.020134228187919462,2,0.006711409395973154,308,8,0.025974025974025976,1,0.003246753246753247,South Somerset,South West,E12000009,8,0.025974025974025976,1,0.003246753246753247
E07000196,South Staffordshire,38,0,0,0,0,44,0,0,0,0,49,2,0.04081632653061224,0,0,50,0,0,0,0,53,3,0.05660377358490566,0,0,56,0,0,0,0,59,3,0.05084745762711865,0,0,South Staffordshire,West Midlands,E12000005,3,0.05084745762711865,0,0
E08000023,South Tyneside,28,0,0,0,0,38,2,0.05263157894736842,0,0,45,2,0.044444444444444446,0,0,52,3,0.057692307692307696,0,0,56,3,0.05357142857142857,0,0,58,5,0.08620689655172414,0,0,57,5,0.08771929824561403,0,0,South Tyneside,North East,E12000001,5,0.08771929824561403,0,0
E06000045,Southampton,124,13,0.10483870967741936,4,0.03225806451612903,151,16,0.10596026490066225,5,0.033112582781456956,181,16,0.08839779005524862,5,0.027624309392265192,188,16,0.0851063829787234,4,0.02127659574468085,196,0,0,0,0,202,16,0.07920792079207921,3,0.01485148514851485,207,16,0.07729468599033816,3,0.014492753623188406,Southampton,South East,E12000008,3,-0.0275440236870812,-1,-0.017765310892940624
E06000033,Southend-on-Sea,85,0,0,0,0,102,1,0.00980392156862745,0,0,114,4,0.03508771929824561,0,0,121,4,0.03305785123966942,0,0,138,4,0.028985507246376812,0,0,135,5,0.037037037037037035,0,0,136,5,0.03676470588235294,2,0.014705882352941176,Southend-on-Sea,East of England,E12000006,5,0.03676470588235294,2,0.014705882352941176
E09000028,Southwark,239,0,0,0,0,298,2,0.006711409395973154,0,0,329,0,0,0,0,366,6,0.01639344262295082,4,0.01092896174863388,416,6,0.014423076923076924,3,0.007211538461538462,428,9,0.02102803738317757,4,0.009345794392523364,429,9,0.02097902097902098,4,0.009324009324009324,Southwark,London,E12000007,9,0.02097902097902098,4,0.009324009324009324
E07000213,Spelthorne,61,1,0.01639344262295082,0,0,80,1,0.0125,0,0,97,1,0.010309278350515464,0,0,109,1,0.009174311926605505,0,0,118,2,0.01694915254237288,0,0,118,2,0.01694915254237288,0,0,117,2,0.017094017094017096,0,0,Spelthorne,South East,E12000008,1,7.005744710662752e-4,0,0
E07000240,St Albans,199,1,0.005025125628140704,0,0,262,5,0.019083969465648856,1,0.003816793893129771,319,5,0.01567398119122257,1,0.003134796238244514,348,6,0.017241379310344827,2,0.005747126436781609,368,6,0.016304347826086956,3,0.008152173913043478,383,0,0,0,0,390,6,0.015384615384615385,3,0.007692307692307693,St Albans,East of England,E12000006,5,0.010359489756474681,3,0.007692307692307693
E08000013,St Helens,46,0,0,0,0,57,3,0.05263157894736842,0,0,60,0,0,0,0,66,0,0,0,0,76,0,0,0,0,77,0,0,0,0,83,0,0,0,0,St. Helens,North West,E12000002,0,0,0,0
E07000197,Stafford,77,2,0.025974025974025976,0,0,92,2,0.021739130434782608,0,0,111,2,0.018018018018018018,0,0,124,3,0.024193548387096774,0,0,125,5,0.04,4,0.032,136,9,0.0661764705882353,2,0.014705882352941176,139,11,0.07913669064748201,2,0.014388489208633094,Stafford,West Midlands,E12000005,9,0.05316266467345603,2,0.014388489208633094
E07000198,Staffordshire Moorlands,40,0,0,0,0,58,0,0,0,0,69,0,0,0,0,80,2,0.025,0,0,87,0,0,0,0,94,2,0.02127659574468085,0,0,95,3,0.031578947368421054,0,0,Staffordshire Moorlands,West Midlands,E12000005,3,0.031578947368421054,0,0
E07000243,Stevenage,16,0,0,0,0,38,2,0.05263157894736842,0,0,43,3,0.06976744186046512,0,0,43,3,0.06976744186046512,0,0,53,4,0.07547169811320754,0,0,34,5,0.14705882352941177,0,0,35,5,0.14285714285714285,1,0.02857142857142857,Stevenage,East of England,E12000006,5,0.14285714285714285,1,0.02857142857142857
E08000007,Stockport,162,3,0.018518518518518517,0,0,210,3,0.014285714285714285,0,0,233,4,0.017167381974248927,0,0,253,6,0.023715415019762844,3,0.011857707509881422,282,8,0.028368794326241134,4,0.014184397163120567,302,0,0,0,0,303,9,0.0297029702970297,3,0.009900990099009901,Stockport,North West,E12000002,6,0.011184451778511184,3,0.009900990099009901
E06000004,Stockton-on-Tees,72,0,0,0,0,83,3,0.03614457831325301,0,0,95,9,0.09473684210526316,1,0.010526315789473684,117,10,0.08547008547008547,0,0,122,14,0.11475409836065574,0,0,125,14,0.112,0,0,133,14,0.10526315789473684,0,0,Stockton-on-Tees,North East,E12000001,14,0.10526315789473684,0,0
E06000021,Stoke-on-Trent,45,3,0.06666666666666667,0,0,63,5,0.07936507936507936,2,0.031746031746031744,78,5,0.0641025641025641,1,0.01282051282051282,81,6,0.07407407407407407,1,0.012345679012345678,88,6,0.06818181818181818,0,0,95,6,0.06315789473684211,0,0,98,6,0.061224489795918366,0,0,Stoke-on-Trent,West Midlands,E12000005,3,-0.0054421768707483,0,0
E07000221,Stratford-on-Avon,160,1,0.00625,0,0,197,1,0.005076142131979695,0,0,226,2,0.008849557522123894,0,0,244,3,0.012295081967213115,0,0,260,3,0.011538461538461539,0,0,265,3,0.011320754716981131,0,0,275,9,0.03272727272727273,0,0,Stratford-on-Avon,West Midlands,E12000005,8,0.02647727272727273,0,0
E07000082,Stroud,129,1,0.007751937984496124,0,0,195,1,0.005128205128205128,0,0,205,1,0.004878048780487805,0,0,215,0,0,0,0,228,1,0.0043859649122807015,0,0,247,1,0.004048582995951417,0,0,257,0,0,0,0,Stroud,South West,E12000009,-1,-0.007751937984496124,0,0
E08000024,Sunderland,82,2,0.024390243902439025,0,0,92,0,0,0,0,105,0,0,0,0,122,0,0,0,0,129,0,0,0,0,136,17,0.125,8,0.058823529411764705,135,0,0,0,0,Sunderland,North East,E12000001,-2,-0.024390243902439025,0,0
E07000214,Surrey Heath,84,0,0,0,0,120,2,0.016666666666666666,0,0,137,2,0.014598540145985401,0,0,141,0,0,0,0,150,2,0.013333333333333334,0,0,154,3,0.01948051948051948,0,0,157,3,0.01910828025477707,0,0,Surrey Heath,South East,E12000008,3,0.01910828025477707,0,0
E09000029,Sutton,143,10,0.06993006993006994,4,0.027972027972027972,181,20,0.11049723756906077,8,0.04419889502762431,207,22,0.10628019323671498,10,0.04830917874396135,230,22,0.09565217391304348,9,0.0391304347826087,254,21,0.08267716535433071,9,0.03543307086614173,271,24,0.08856088560885608,8,0.02952029520295203,289,25,0.08650519031141868,8,0.02768166089965398,Sutton,London,E12000007,15,0.016575120381348743,4,-2.903670723739919e-4
E07000113,Swale,76,3,0.039473684210526314,0,0,92,3,0.03260869565217391,0,0,113,5,0.04424778761061947,3,0.02654867256637168,130,5,0.038461538461538464,3,0.023076923076923078,139,5,0.03597122302158273,3,0.02158273381294964,139,5,0.03597122302158273,0,0,140,8,0.05714285714285714,5,0.03571428571428571,Swale,South East,E12000008,5,0.017669172932330827,5,0.03571428571428571
E06000030,Swindon,113,2,0.017699115044247787,0,0,147,2,0.013605442176870748,0,0,167,2,0.011976047904191617,0,0,177,3,0.01694915254237288,0,0,200,3,0.015,0,0,216,0,0,0,0,220,4,0.01818181818181818,0,0,Swindon,South West,E12000009,2,4.8270313757039357e-4,0,0
E08000008,Tameside,65,2,0.03076923076923077,0,0,82,3,0.036585365853658534,0,0,91,0,0,0,0,101,3,0.0297029702970297,0,0,118,3,0.025423728813559324,0,0,128,3,0.0234375,0,0,134,0,0,0,0,Tameside,North West,E12000002,-2,-0.03076923076923077,0,0
E07000199,Tamworth,22,1,0.045454545454545456,0,0,38,2,0.05263157894736842,0,0,43,2,0.046511627906976744,0,0,43,2,0.046511627906976744,0,0,53,3,0.05660377358490566,0,0,35,3,0.08571428571428572,0,0,34,3,0.08823529411764706,0,0,Tamworth,West Midlands,E12000005,2,0.04278074866310161,0,0
E07000215,Tandridge,119,1,0.008403361344537815,0,0,145,1,0.006896551724137931,0,0,170,1,0.0058823529411764705,0,0,172,2,0.011627906976744186,0,0,176,2,0.011363636363636364,0,0,183,2,0.01092896174863388,0,0,185,3,0.016216216216216217,0,0,Tandridge,South East,E12000008,2,0.007812854871678402,0,0
E07000045,Teignbridge,133,0,0,0,0,182,0,0,0,0,217,0,0,0,0,238,0,0,0,0,258,0,0,0,0,267,15,0.056179775280898875,0,0,270,16,0.05925925925925926,1,0.003703703703703704,Teignbridge,South West,E12000009,16,0.05925925925925926,1,0.003703703703703704
E06000020,Telford & Wrekin,97,0,0,0,0,132,3,0.022727272727272728,0,0,161,0,0,0,0,179,0,0,0,0,197,3,0.015228426395939087,0,0,200,4,0.02,0,0,203,4,0.019704433497536946,0,0,Telford and Wrekin,West Midlands,E12000005,4,0.019704433497536946,0,0
E07000076,Tendring,72,3,0.041666666666666664,0,0,95,4,0.042105263157894736,0,0,104,5,0.04807692307692308,1,0.009615384615384616,118,5,0.0423728813559322,2,0.01694915254237288,126,10,0.07936507936507936,4,0.031746031746031744,130,14,0.1076923076923077,3,0.023076923076923078,127,0,0,0,0,Tendring,East of England,E12000006,-3,-0.041666666666666664,0,0
E07000093,Test Valley,230,0,0,0,0,277,1,0.0036101083032490976,0,0,316,0,0,0,0,341,12,0.03519061583577713,6,0.017595307917888565,367,0,0,0,0,372,0,0,0,0,385,0,0,0,0,Test Valley,South East,E12000008,0,0,0,0
E07000083,Tewkesbury,65,0,0,0,0,83,0,0,0,0,102,2,0.0196078431372549,0,0,121,2,0.01652892561983471,0,0,145,2,0.013793103448275862,0,0,157,2,0.012738853503184714,0,0,162,2,0.012345679012345678,0,0,Tewkesbury,South West,E12000009,2,0.012345679012345678,0,0
E07000114,Thanet,107,4,0.037383177570093455,0,0,137,5,0.0364963503649635,2,0.014598540145985401,158,6,0.0379746835443038,2,0.012658227848101266,171,6,0.03508771929824561,2,0.011695906432748537,194,8,0.041237113402061855,3,0.015463917525773196,194,8,0.041237113402061855,3,0.015463917525773196,209,9,0.0430622009569378,4,0.019138755980861243,Thanet,South East,E12000008,5,0.0056790233868443465,4,0.019138755980861243
E07000102,Three Rivers,56,4,0.07142857142857142,0,0,86,8,0.09302325581395349,2,0.023255813953488372,101,8,0.07920792079207921,2,0.019801980198019802,110,8,0.07272727272727272,1,0.00909090909090909,121,8,0.06611570247933884,2,0.01652892561983471,121,10,0.08264462809917356,3,0.024793388429752067,126,12,0.09523809523809523,4,0.031746031746031744,Three Rivers,East of England,E12000006,8,0.023809523809523808,4,0.031746031746031744
E06000034,Thurrock,43,0,0,0,0,68,0,0,0,0,83,0,0,0,0,96,0,0,0,0,106,0,0,0,0,120,0,0,0,0,127,0,0,0,0,Thurrock,East of England,E12000006,0,0,0,0
E07000115,Tonbridge & Malling,132,0,0,0,0,157,0,0,0,0,180,0,0,0,0,209,0,0,0,0,224,0,0,0,0,222,0,0,0,0,218,0,0,0,0,Tonbridge and Malling,South East,E12000008,0,0,0,0
E06000027,Torbay,114,0,0,0,0,131,0,0,0,0,147,0,0,0,0,156,0,0,0,0,161,0,0,0,0,163,4,0.024539877300613498,0,0,162,1,0.006172839506172839,0,0,Torbay,South West,E12000009,1,0.006172839506172839,0,0
E07000046,Torridge,61,0,0,0,0,74,2,0.02702702702702703,0,0,95,5,0.05263157894736842,0,0,102,0,0,0,0,104,6,0.057692307692307696,1,0.009615384615384616,110,0,0,0,0,112,0,0,0,0,Torridge,South West,E12000009,0,0,0,0
E09000030,Tower Hamlets,163,0,0,0,0,194,0,0,0,0,230,0,0,0,0,260,20,0.07692307692307693,6,0.023076923076923078,291,0,0,0,0,316,0,0,0,0,342,25,0.07309941520467836,9,0.02631578947368421,Tower Hamlets,London,E12000007,25,0.07309941520467836,9,0.02631578947368421
E08000009,Trafford,159,0,0,0,0,198,0,0,0,0,218,2,0.009174311926605505,0,0,244,0,0,0,0,263,6,0.022813688212927757,2,0.0076045627376425855,281,9,0.03202846975088968,4,0.014234875444839857,288,10,0.034722222222222224,2,0.006944444444444444,Trafford,North West,E12000002,10,0.034722222222222224,2,0.006944444444444444
E07000116,Tunbridge Wells,250,1,0.004,0,0,334,2,0.005988023952095809,0,0,367,5,0.013623978201634877,1,0.0027247956403269754,387,7,0.01808785529715762,1,0.002583979328165375,396,0,0,0,0,405,0,0,0,0,412,0,0,0,0,Tunbridge Wells,South East,E12000008,-1,-0.004,0,0
E07000077,Uttlesford,144,6,0.041666666666666664,2,0.013888888888888888,175,7,0.04,7,0.04,210,7,0.03333333333333333,0,0,223,7,0.03139013452914798,0,0,238,8,0.03361344537815126,1,0.004201680672268907,246,0,0,0,0,251,3,0.01195219123505976,0,0,Uttlesford,East of England,E12000006,-3,-0.029714475431606904,-2,-0.013888888888888888
E07000180,Vale of White Horse,198,1,0.005050505050505051,0,0,245,4,0.0163265306122449,0,0,287,5,0.017421602787456445,0,0,309,6,0.019417475728155338,1,0.003236245954692557,341,8,0.02346041055718475,3,0.008797653958944282,354,17,0.0480225988700565,2,0.005649717514124294,362,18,0.049723756906077346,1,0.0027624309392265192,Vale of White Horse,South East,E12000008,17,0.0446732518555723,1,0.0027624309392265192
E08000036,Wakefield,79,2,0.02531645569620253,0,0,116,2,0.017241379310344827,0,0,142,5,0.035211267605633804,4,0.028169014084507043,162,5,0.030864197530864196,4,0.024691358024691357,171,8,0.04678362573099415,7,0.04093567251461988,179,10,0.055865921787709494,7,0.03910614525139665,180,10,0.05555555555555555,7,0.03888888888888889,Wakefield,Yorkshire and The Humber,E12000003,8,0.03023909985935302,7,0.03888888888888889
E08000030,Walsall,32,0,0,0,0,38,0,0,0,0,47,3,0.06382978723404255,0,0,48,0,0,0,0,53,0,0,0,0,58,0,0,0,0,61,6,0.09836065573770492,1,0.01639344262295082,Walsall,West Midlands,E12000005,6,0.09836065573770492,1,0.01639344262295082
E09000031,Waltham Forest,161,0,0,0,0,194,3,0.015463917525773196,0,0,222,0,0,0,0,248,0,0,0,0,293,9,0.030716723549488054,3,0.010238907849829351,316,10,0.03164556962025317,3,0.00949367088607595,338,0,0,0,0,Waltham Forest,London,E12000007,0,0,0,0
E09000032,Wandsworth,385,17,0.04415584415584416,5,0.012987012987012988,506,26,0.05138339920948617,8,0.015810276679841896,588,36,0.061224489795918366,9,0.015306122448979591,640,37,0.0578125,18,0.028125,705,52,0.07375886524822695,15,0.02127659574468085,738,0,0,0,0,754,0,0,0,0,Wandsworth,London,E12000007,-17,-0.04415584415584416,-5,-0.012987012987012988
E06000007,Warrington,120,0,0,0,0,163,1,0.006134969325153374,0,0,191,0,0,0,0,200,4,0.02,0,0,221,0,0,0,0,230,5,0.021739130434782608,0,0,233,0,0,0,0,Warrington,North West,E12000002,0,0,0,0
E07000222,Warwick,175,0,0,0,0,222,0,0,0,0,246,0,0,0,0,268,0,0,0,0,290,0,0,0,0,300,0,0,0,0,305,0,0,0,0,Warwick,West Midlands,E12000005,0,0,0,0
E07000103,Watford,32,4,0.125,0,0,44,5,0.11363636363636363,1,0.022727272727272728,57,7,0.12280701754385964,0,0,65,7,0.1076923076923077,0,0,71,7,0.09859154929577464,0,0,74,10,0.13513513513513514,2,0.02702702702702703,73,12,0.1643835616438356,2,0.0273972602739726,Watford,East of England,E12000006,8,0.03938356164383561,2,0.0273972602739726
E07000216,Waverley,308,3,0.00974025974025974,0,0,363,4,0.011019283746556474,0,0,425,5,0.011764705882352941,0,0,459,5,0.010893246187363835,0,0,481,5,0.010395010395010396,1,0.002079002079002079,499,5,0.01002004008016032,0,0,503,5,0.009940357852882704,1,0.0019880715705765406,Waverley,South East,E12000008,2,2.0009811262296402e-4,1,0.0019880715705765406
E07000065,Wealden,362,0,0,0,0,448,0,0,0,0,516,0,0,0,0,556,5,0.008992805755395683,3,0.00539568345323741,613,8,0.013050570962479609,4,0.0065252854812398045,620,10,0.016129032258064516,4,0.0064516129032258064,620,27,0.043548387096774194,3,0.004838709677419355,Wealden,South East,E12000008,27,0.043548387096774194,3,0.004838709677419355
E07000241,Welwyn Hatfield,70,4,0.05714285714285714,0,0,86,5,0.05813953488372093,2,0.023255813953488372,109,5,0.045871559633027525,3,0.027522935779816515,123,0,0,0,0,137,12,0.08759124087591241,4,0.029197080291970802,153,14,0.0915032679738562,4,0.026143790849673203,154,15,0.09740259740259741,4,0.025974025974025976,Welwyn Hatfield,East of England,E12000006,11,0.040259740259740266,4,0.025974025974025976
E06000037,West Berkshire,196,0,0,0,0,297,0,0,0,0,356,0,0,0,0,391,0,0,0,0,425,0,0,0,0,435,0,0,0,0,433,0,0,0,0,West Berkshire,South East,E12000008,0,0,0,0
E07000047,West Devon,96,0,0,0,0,118,0,0,0,0,136,0,0,0,0,149,0,0,0,0,154,0,0,0,0,158,0,0,0,0,162,0,0,0,0,West Devon,South West,E12000009,0,0,0,0
E07000127,West Lancashire,71,0,0,0,0,87,0,0,0,0,97,0,0,0,0,106,1,0.009433962264150943,0,0,114,2,0.017543859649122806,0,0,117,2,0.017094017094017096,0,0,115,3,0.02608695652173913,0,0,West Lancashire,North West,E12000002,3,0.02608695652173913,0,0
E07000142,West Lindsey,56,0,0,0,0,77,0,0,0,0,92,0,0,0,0,98,0,0,0,0,103,1,0.009708737864077669,0,0,105,3,0.02857142857142857,0,0,106,3,0.02830188679245283,0,0,West Lindsey,East Midlands,E12000004,3,0.02830188679245283,0,0
E06000062,West Northamptonshire,394,2,0.005076142131979695,0,0,467,3,0.006423982869379015,0,0,529,0,0,0,0,564,4,0.0070921985815602835,0,0,606,8,0.013201320132013201,7,0.01155115511551155,635,0,0,0,0,646,16,0.02476780185758514,15,0.02321981424148607,West Northamptonshire,East Midlands,E12000004,14,0.019691659725605444,15,0.02321981424148607
E07000181,West Oxfordshire,186,0,0,0,0,242,0,0,0,0,290,1,0.0034482758620689655,0,0,313,1,0.003194888178913738,0,0,336,1,0.002976190476190476,0,0,347,1,0.002881844380403458,0,0,350,4,0.011428571428571429,0,0,West Oxfordshire,South East,E12000008,4,0.011428571428571429,0,0
E07000245,West Suffolk,178,2,0.011235955056179775,0,0,225,0,0,0,0,255,0,0,0,0,290,0,0,0,0,303,5,0.0165016501650165,1,0.0033003300330033004,306,5,0.016339869281045753,0,0,311,5,0.01607717041800643,1,0.003215434083601286,West Suffolk,East of England,E12000006,3,0.004841215361826655,1,0.003215434083601286
E09000033,Westminster,260,13,0.05,8,0.03076923076923077,344,16,0.046511627906976744,12,0.03488372093023256,404,25,0.06188118811881188,18,0.04455445544554455,463,28,0.06047516198704104,21,0.04535637149028078,522,29,0.05555555555555555,25,0.04789272030651341,558,29,0.05197132616487455,24,0.043010752688172046,587,0,0,0,0,Westminster,London,E12000007,-13,-0.05,-8,-0.03076923076923077
E08000010,Wigan,78,0,0,0,0,87,2,0.022988505747126436,0,0,98,3,0.030612244897959183,0,0,103,0,0,0,0,119,0,0,0,0,119,0,0,0,0,126,3,0.023809523809523808,0,0,Wigan,North West,E12000002,3,0.023809523809523808,0,0
E06000054,Wiltshire,601,8,0.013311148086522463,3,0.004991680532445923,847,9,0.010625737898465172,3,0.0035419126328217238,961,9,0.009365244536940686,2,0.002081165452653486,1058,18,0.017013232514177693,7,0.006616257088846881,1123,19,0.016918967052537846,4,0.003561887800534283,1177,21,0.01784197111299915,3,0.002548853016142736,1195,26,0.021757322175732216,4,0.0033472803347280333,Wiltshire,South West,E12000009,18,0.008446174089209753,1,-0.00164440019771789
E07000094,Winchester,280,0,0,0,0,356,3,0.008426966292134831,0,0,397,0,0,0,0,430,4,0.009302325581395349,0,0,445,9,0.020224719101123594,2,0.0044943820224719105,457,19,0.04157549234135667,0,0,465,0,0,0,0,Winchester,South East,E12000008,0,0,0,0
E06000040,Windsor & Maidenhead,195,0,0,0,0,246,0,0,0,0,275,0,0,0,0,300,0,0,0,0,332,0,0,0,0,340,0,0,0,0,355,0,0,0,0,Windsor and Maidenhead,South East,E12000008,0,0,0,0
E08000015,Wirral,187,5,0.026737967914438502,2,0.0106951871657754,227,6,0.02643171806167401,3,0.013215859030837005,263,10,0.03802281368821293,3,0.011406844106463879,291,12,0.041237113402061855,1,0.003436426116838488,308,10,0.032467532467532464,1,0.003246753246753247,334,12,0.03592814371257485,1,0.0029940119760479044,337,12,0.03560830860534125,1,0.002967359050445104,Wirral,North West,E12000002,7,0.008870340690902746,-1,-0.0077278281153302965
E07000217,Woking,155,3,0.01935483870967742,0,0,198,3,0.015151515151515152,0,0,233,4,0.017167381974248927,0,0,247,5,0.020242914979757085,4,0.016194331983805668,266,7,0.02631578947368421,3,0.011278195488721804,279,8,0.02867383512544803,4,0.014336917562724014,288,8,0.027777777777777776,5,0.017361111111111112,Woking,South East,E12000008,5,0.008422939068100356,5,0.017361111111111112
E06000041,Wokingham,202,0,0,0,0,258,4,0.015503875968992248,0,0,313,0,0,0,0,355,5,0.014084507042253521,5,0.014084507042253521,382,0,0,0,0,394,11,0.027918781725888325,7,0.017766497461928935,401,0,0,0,0,Wokingham,South East,E12000008,0,0,0,0
E08000031,Wolverhampton,32,0,0,0,0,46,0,0,0,0,53,1,0.018867924528301886,0,0,70,0,0,0,0,76,0,0,0,0,78,2,0.02564102564102564,0,0,81,2,0.024691358024691357,0,0,Wolverhampton,West Midlands,E12000005,2,0.024691358024691357,0,0
E07000237,Worcester,94,8,0.0851063829787234,2,0.02127659574468085,122,10,0.08196721311475409,2,0.01639344262295082,141,14,0.09929078014184398,5,0.03546099290780142,148,18,0.12162162162162163,6,0.04054054054054054,154,20,0.12987012987012986,6,0.03896103896103896,156,30,0.19230769230769232,7,0.04487179487179487,155,39,0.25161290322580643,9,0.05806451612903226,Worcester,West Midlands,E12000005,31,0.166506520247083,7,0.036787920384351414
E07000229,Worthing,68,0,0,0,0,72,3,0.041666666666666664,0,0,87,4,0.04597701149425287,0,0,94,3,0.031914893617021274,0,0,103,3,0.02912621359223301,0,0,105,2,0.01904761904761905,0,0,108,0,0,0,0,Worthing,South East,E12000008,0,0,0,0
E07000238,Wychavon,164,0,0,0,0,226,1,0.004424778761061947,0,0,275,12,0.04363636363636364,0,0,293,21,0.07167235494880546,1,0.0034129692832764505,309,23,0.0744336569579288,3,0.009708737864077669,320,27,0.084375,2,0.00625,325,38,0.11692307692307692,0,0,Wychavon,West Midlands,E12000005,38,0.11692307692307692,0,0
E07000128,Wyre,51,0,0,0,0,62,0,0,0,0,69,0,0,0,0,73,1,0.0136986301369863,0,0,76,0,0,0,0,80,0,0,0,0,81,0,0,0,0,Wyre,North West,E12000002,0,0,0,0
E07000239,Wyre Forest,49,0,0,0,0,56,0,0,0,0,68,1,0.014705882352941176,0,0,83,1,0.012048192771084338,0,0,94,0,0,0,0,94,1,0.010638297872340425,0,0,94,1,0.010638297872340425,0,0,Wyre Forest,West Midlands,E12000005,1,0.010638297872340425,0,0
E06000014,York,163,0,0,0,0,211,0,0,0,0,245,0,0,0,0,279,1,0.0035842293906810036,0,0,306,0,0,0,0,310,4,0.012903225806451613,0,0,313,2,0.006389776357827476,0,0,York,Yorkshire and The Humber,E12000003,2,0.006389776357827476,0,0
